ts_ns,current_before,target_current,requested,current_after,rc
1787749848464432801,94467768320,77309411328,1073741824,93392453632,0
1787749848540791929,93392453632,77309411328,1073741824,92317532160,0
1787749848611988942,92317532160,77309411328,1073741824,91241140224,0
1787749848664318917,91241140224,77309411328,1073741824,90164506624,0
1787749848719378952,90164502528,77309411328,1073741824,89089376256,0
1787749848796049326,89089376256,77309411328,1073741824,88009867264,0
1787749848870971418,88009867264,77309411328,1073741824,86928416768,0
1787749848961584949,86927884288,77309411328,1073741824,85845381120,0
1787749849018647821,85841387520,77309411328,1073741824,84764758016,0
1787749849091126497,84763693056,77309411328,1073741824,83685859328,0
1787749849170435950,83678404608,77309411328,1073741824,82601881600,0
1787749849279075583,82601615360,77309411328,1073741824,81518723072,0
1787749849369835327,81518456832,77309411328,1073741824,80438435840,0
1787749849435290654,80437637120,77309411328,1073741824,79361224704,0
1787749849512049179,79359893504,77309411328,1073741824,78278369280,0
1787749849591852571,78277836800,77309411328,968425472,77323821056,0
1787749849626571481,77334794240,77309411328,25382912,77312864256,0
1787749849654892343,77319852032,77309411328,10440704,77309300736,0
1787749849682037044,77320564736,77309411328,11153408,77305819136,0
1787749849709148194,77318926336,77309411328,9515008,77308375040,0
1787749849736989857,77319647232,77309411328,10235904,77305131008,0
1787749849763553967,77314035712,77309411328,4624384,77308989440,0
1787749849790547995,77319475200,77309411328,10063872,77304926208,0
1787749849817295748,77314625536,77309411328,5214208,77304795136,0
1787749849844375357,77314232320,77309411328,4820992,77309513728,0
1787749849871998227,77321568256,77309411328,12156928,77306789888,0
1787749849898832322,77319372800,77309411328,9961472,77309378560,0
1787749849926017253,77323010048,77309411328,13598720,77308264448,0
1787749849953024671,77322412032,77309411328,13000704,77307469824,0
1787749849980335335,77320835072,77309411328,11423744,77306384384,0
1787749850008137027,77320273920,77309411328,10862592,77305237504,0
1787749850034953652,77318864896,77309411328,9453568,77309689856,0
1787749850062116933,77323321344,77309411328,13910016,77308280832,0
1787749850089145551,77322174464,77309411328,12763136,77307756544,0
1787749850116529996,77320339456,77309411328,10928128,77305200640,0
1787749850144046603,77317783552,77309411328,8372224,77307854848,0
1787749850170879028,77319385088,77309411328,9973760,77309751296,0
1787749850197839505,77321285632,77309411328,11874304,77306179584,0
1787749850224734721,77317713920,77309411328,8302592,77307654144,0
1787749850251813271,77319188480,77309411328,9777152,77309587456,0
1787749850279653834,77321121792,77309411328,11710464,77306507264,0
1787749850306678402,77317775360,77309411328,8364032,77307584512,0
1787749850333446096,77319118848,77309411328,9707520,77309026304,0
1787749850360233040,77318463488,77309411328,9052160,77308469248,0
1787749850387320859,77319217152,77309411328,9805824,77308968960,0
1787749850414807116,77320499200,77309411328,11087872,77305393152,0
1787749850441522529,77315088384,77309411328,5677056,77305454592,0
1787749850468209791,77314891776,77309411328,5480448,77305057280,0
1787749850494640958,77314232320,77309411328,4820992,77309186048,0
1787749850521599376,77319147520,77309411328,9736192,77309546496,0
1787749850548951400,77318983680,77309411328,9572352,77309808640,0
1787749850575819775,77319241728,77309411328,9830400,77309173760,0
1787749850603442635,77319921664,77309411328,10510336,77305438208,0
1787749850630799489,77319593984,77309411328,10182656,77304406016,0
1787749850658018511,77316988928,77309411328,7577600,77307027456,0
1787749850685641030,77319872512,77309411328,10461184,77305487360,0
1787749850712294992,77317279744,77309411328,7868416,77307809792,0
1787749850738890992,77319344128,77309411328,9932800,77309284352,0
1787749850765938731,77321867264,77309411328,12455936,77306761216,0
1787749850793680553,77320392704,77309411328,10981376,77305253888,0
1787749850821071188,77317836800,77309411328,8425472,77307809792,0
1787749850847975014,77320126464,77309411328,10715136,77305909248,0
1787749850874609555,77317705728,77309411328,8294400,77308465152,0
1787749850901966620,77320523776,77309411328,11112448,77305843712,0
1787749850929195432,77318164480,77309411328,8753152,77308268544,0
1787749850956749170,77320851456,77309411328,11440128,77306925056,0
1787749850983574074,77319503872,77309411328,10092544,77310111744,0
1787749851010637794,77322956800,77309411328,13545472,77308571648,0
1787749851038086150,77321154560,77309411328,11743232,77306015744,0
1787749851065523346,77318598656,77309411328,9187328,77308637184,0
1787749851092501893,77322002432,77309411328,12591104,77306863616,0
1787749851119522311,77320495104,77309411328,11083776,77306077184,0
1787749851146162213,77317873664,77309411328,8462336,77308960768,0
1787749851173413775,77321543680,77309411328,12132352,77306470400,0
1787749851200872361,77319577600,77309411328,10166272,77304963072,0
1787749851227706576,77317545984,77309411328,8134656,77307568128,0
1787749851254643263,77319884800,77309411328,10473472,77305552896,0
1787749851281486558,77318393856,77309411328,8982528,77308399616,0
1787749851309204749,77322293248,77309411328,12881920,77307125760,0
1787749851336772037,77321539584,77309411328,12128256,77306277888,0
1787749851363873787,77319909376,77309411328,10498048,77305810944,0
1787749851390565139,77319180288,77309411328,9768960,77309296640,0
1787749851417353163,77322928128,77309411328,13516800,77307756544,0
1787749851444748199,77321388032,77309411328,11976704,77307207680,0
1787749851472337277,77320572928,77309411328,11161600,77306056704,0
1787749851499474858,77319950336,77309411328,10539008,77305159680,0
1787749851526083418,77318787072,77309411328,9375744,77308715008,0
1787749851553107617,77322608640,77309411328,13197312,77308387328,0
1787749851580444221,77322018816,77309411328,12607488,77306699776,0
1787749851608147702,77321641984,77309411328,12230656,77306667008,0
1787749851634854804,77320822784,77309411328,11411456,77306273792,0
1787749851661810931,77319639040,77309411328,10227712,77304532992,0
1787749851688451912,77318426624,77309411328,9015296,77308432384,0
1787749851715617433,77322063872,77309411328,12652544,77307482112,0
1787749851743188112,77321900032,77309411328,12488704,77306859520,0
1787749851770214340,77320224768,77309411328,10813440,77306150912,0
1787749851797087036,77320044544,77309411328,10633216,77305004032,0
1787749851823675986,77318635520,77309411328,9224192,77308870656,0
1787749851851125792,77323804672,77309411328,14393344,77308698624,0
1787749851878736731,77322588160,77309411328,13176832,77308301312,0
1787749851905643867,77321654272,77309411328,12242944,77307301888,0
1787749851932474072,77321457664,77309411328,12046336,77306449920,0
1787749851959425169,77320081408,77309411328,10670080,77304844288,0
1787749851986778644,77320048640,77309411328,10637312,77305806848,0
1787749852014460164,77319430144,77309411328,10018816,77306191872,0
1787749852041545434,77319557120,77309411328,10145792,77305270272,0
1787749852068495431,77318901760,77309411328,9490432,77309169664,0
1787749852095502699,77323059200,77309411328,13647872,77309820928,0
1787749852122749981,77323714560,77309411328,14303232,77309628416,0
1787749852150552484,77323522048,77309411328,14110720,77309599744,0
1787749852177389639,77322702848,77309411328,13291520,77309210624,0
1787749852204348976,77322842112,77309411328,13430784,77308522496,0
1787749852231176270,77322153984,77309411328,12742656,77308334080,0
1787749852258706848,77322489856,77309411328,13078528,77308235776,0
1787749852286439619,77322915840,77309411328,13504512,77309612032,0
1787749852313496928,77322711040,77309411328,13299712,77309538304,0
1787749852340411795,77323169792,77309411328,13758464,77309177856,0
1787749852367705458,77323595776,77309411328,14184448,77309218816,0
1787749852395796066,77324161024,77309411328,14749696,77306007552,0
1787749852423201301,77320163328,77309411328,10752000,77306597376,0
1787749852450156768,77319962624,77309411328,10551296,77306658816,0
1787749852477145546,77320810496,77309411328,11399168,77306556416,0
1787749852504558192,77320179712,77309411328,10768384,77306941440,0
1787749852532134880,77320835072,77309411328,11423744,77306445824,0
1787749852559873482,77320048640,77309411328,10637312,77306580992,0
1787749852586837819,77319159808,77309411328,9748480,77304913920,0
1787749852613540451,77318021120,77309411328,8609792,77309009920,0
1787749852641149510,77321592832,77309411328,12181504,77307047936,0
1787749852668859101,77320679424,77309411328,11268096,77306322944,0
1787749852695514993,77318639616,77309411328,9228288,77309362176,0
1787749852722361808,77321674752,77309411328,12263424,77308010496,0
1787749852749343535,77319806976,77309411328,10395648,77305356288,0
1787749852776395304,77317672960,77309411328,8261632,77308104704,0
1787749852804115235,77319884800,77309411328,10473472,77306556416,0
1787749852830963141,77318868992,77309411328,9457664,77309661184,0
1787749852857957818,77320929280,77309411328,11517952,77307674624,0
1787749852884871185,77319462912,77309411328,10051584,77305896960,0
1787749852911953104,77317693440,77309411328,8282112,77308104704,0
1787749852939734186,77320687616,77309411328,11276288,77307449344,0
1787749852966407578,77318717440,77309411328,9306112,77309124608,0
1787749852993381276,77320921088,77309411328,11509760,77307498496,0
1787749853020347893,77319553024,77309411328,10141696,77305937920,0
1787749853047568265,77318520832,77309411328,9109504,77309444096,0
1787749853075329447,77323599872,77309411328,14188544,77309239296,0
1787749853102233903,77322866688,77309411328,13455360,77308489728,0
1787749853129190380,77322121216,77309411328,12709888,77308067840,0
1787749853156062315,77321695232,77309411328,12283904,77307617280,0
1787749853183482541,77320986624,77309411328,11575296,77307715584,0
1787749853211261653,77320822784,77309411328,11411456,77307658240,0
1787749853238372913,77319974912,77309411328,10563584,77306392576,0
1787749853265279029,77319237632,77309411328,9826304,77304713216,0
1787749853292043943,77317558272,77309411328,8146944,77309009920,0
1787749853320087070,77321592832,77309411328,12181504,77307719680,0
1787749853347438454,77320560640,77309411328,11149312,77307236352,0
1787749853374487463,77319819264,77309411328,10407936,77306458112,0
1787749853401377999,77319303168,77309411328,9891840,77306032128,0
1787749853428265995,77318615040,77309411328,9203712,77309939712,0
1787749853456370473,77324091392,77309411328,14680064,77304938496,0
1787749853483059805,77318291456,77309411328,8880128,77309501440,0
1787749853509863610,77322604544,77309411328,13193216,77308907520,0
1787749853536700844,77322539008,77309411328,13127680,77308194816,0
1787749853564011758,77321564160,77309411328,12152832,77307441152,0
1787749853591455214,77320024064,77309411328,10612736,77306916864,0
1787749853618381321,77319233536,77309411328,9822208,77305995264,0
1787749853644952531,77318578176,77309411328,9166848,77309288448,0
1787749853671779405,77321871360,77309411328,12460032,77308624896,0
1787749853699144060,77321207808,77309411328,11796480,77307248640,0
1787749853726840011,77320880128,77309411328,11468800,77307346944,0
1787749853753711596,77319925760,77309411328,10514432,77305532416,0
1787749853780331207,77318115328,77309411328,8704000,77309399040,0
1787749853807216253,77322244096,77309411328,12832768,77308002304,0
1787749853834515966,77320585216,77309411328,11173888,77307461632,0
1787749853862262368,77320044544,77309411328,10633216,77305987072,0
1787749853888954910,77318565888,77309411328,9154560,77309849600,0
1787749853915796415,77322166272,77309411328,12754944,77307944960,0
1787749853942639140,77321052160,77309411328,11640832,77307174912,0
1787749853969927183,77319757824,77309411328,10346496,77306216448,0
1787749853997345559,77318799360,77309411328,9388032,77309362176,0
1787749854024434748,77321424896,77309411328,12013568,77307564032,0
1787749854051503207,77319884800,77309411328,10473472,77306892288,0
1787749854078257271,77318426624,77309411328,9015296,77309579264,0
1787749854105927931,77321375744,77309411328,11964416,77308071936,0
1787749854133386457,77320388608,77309411328,10977280,77306822656,0
1787749854160151381,77318881280,77309411328,9469952,77305282560,0
1787749854186776942,77317861376,77309411328,8450048,77308260352,0
1787749854213976683,77322141696,77309411328,12730368,77307854848,0
1787749854241577162,77321486336,77309411328,12075008,77307166720,0
1787749854269164511,77320790016,77309411328,11378688,77307527168,0
1787749854295951645,77319839744,77309411328,10428416,77305872384,0
1787749854323121056,77319503872,77309411328,10092544,77305606144,0
1787749854350296977,77318971392,77309411328,9560064,77304946688,0
1787749854378013708,77319622656,77309411328,10211328,77305319424,0
1787749854404766212,77318418432,77309411328,9007104,77309628416,0
1787749854431502405,77321940992,77309411328,12529664,77307662336,0
1787749854458352310,77320507392,77309411328,11096064,77307269120,0
1787749854485430539,77320372224,77309411328,10960896,77306327040,0
1787749854512980497,77319933952,77309411328,10522624,77306904576,0
1787749854539740201,77319208960,77309411328,9797632,77305200640,0
1787749854566610906,77318832128,77309411328,9420800,77304688640,0
1787749854593115905,77317271552,77309411328,7860224,77307772928,0
1787749854620297516,77320355840,77309411328,10944512,77307260928,0
1787749854648084359,77319843840,77309411328,10432512,77306601472,0
1787749854674778411,77319180288,77309411328,9768960,77305081856,0
1787749854701432692,77317664768,77309411328,8253440,77308325888,0
1787749854728209746,77320908800,77309411328,11497472,77307535360,0
1787749854755233814,77320638464,77309411328,11227136,77306474496,0
1787749854782840583,77320105984,77309411328,10694656,77305819136,0
1787749854809649068,77319184384,77309411328,9773056,77305171968,0
1787749854836328320,77319065600,77309411328,9654272,77304958976,0
1787749854862839089,77318324224,77309411328,8912896,77309030400,0
1787749854889941678,77321875456,77309411328,12464128,77308968960,0
1787749854917511987,77322600448,77309411328,13189120,77308379136,0
1787749854944234610,77321465856,77309411328,12054528,77308649472,0
1787749854970871911,77322280960,77309411328,12869632,77308489728,0
1787749854997624884,77322117120,77309411328,12705792,77308092416,0
1787749855024756854,77321986048,77309411328,12574720,77308628992,0
1787749855052317973,77322256384,77309411328,12845056,77308465152,0
1787749855079285910,77322358784,77309411328,12947456,77308821504,0
1787749855105828609,77322448896,77309411328,13037568,77308370944,0
1787749855132647114,77322002432,77309411328,12591104,77308960768,0
1787749855159756934,77322592256,77309411328,13180928,77308510208,0
1787749855187490465,77322141696,77309411328,12730368,77309231104,0
1787749855214125096,77322596352,77309411328,13185024,77308588032,0
1787749855241085563,77322219520,77309411328,12808192,77309411328,0
1787749855267831167,77323038720,77309411328,13627392,77309014016,0
1787749855295476296,77322907648,77309411328,13496320,77309931520,0
1787749855323381911,77323825152,77309411328,14413824,77305262080,0
1787749855350019762,77318361088,77309411328,8949760,77309329408,0
1787749855376713845,77322698752,77309411328,13287424,77308968960,0
1787749855403512719,77322862592,77309411328,13451264,77309657088,0
1787749855431281441,77323550720,77309411328,14139392,77304823808,0
1787749855458701986,77318455296,77309411328,9043968,77309345792,0
1787749855485765655,77322448896,77309411328,13037568,77308452864,0
1787749855512615251,77321822208,77309411328,12410880,77307863040,0
1787749855540139498,77321494528,77309411328,12083200,77307076608,0
1787749855568056343,77320441856,77309411328,11030528,77306953728,0
1787749855595281955,77320060928,77309411328,10649600,77306212352,0
1787749855622216652,77318795264,77309411328,9383936,77304991744,0
1787749855649034346,77317574656,77309411328,8163328,77308538880,0
1787749855676456282,77320859648,77309411328,11448320,77307621376,0
1787749855704321936,77320466432,77309411328,11055104,77306458112,0
1787749855731099159,77318774784,77309411328,9363456,77309411328,0
1787749855758014216,77321199616,77309411328,11788288,77308190720,0
1787749855784840930,77319454720,77309411328,10043392,77305520128,0
1787749855811893799,77318090752,77309411328,8679424,77308620800,0
1787749855839720322,77321461760,77309411328,12050432,77308461056,0
1787749855866557807,77320777728,77309411328,11366400,77306851328,0
1787749855893364422,77319434240,77309411328,10022912,77306126336,0
1787749855920339579,77318709248,77309411328,9297920,77305110528,0
1787749855947439579,77317955584,77309411328,8544256,77308747776,0
1787749855975110029,77322117120,77309411328,12705792,77308223488,0
1787749856001952434,77320540160,77309411328,11128832,77306556416,0
1787749856029002793,77319139328,77309411328,9728000,77305376768,0
1787749856055845068,77318221824,77309411328,8810496,77309177856,0
1787749856083067830,77322022912,77309411328,12611584,77307998208,0
1787749856110714420,77320581120,77309411328,11169792,77306720256,0
1787749856137640616,77319036928,77309411328,9625600,77305204736,0
1787749856164201076,77317787648,77309411328,8376320,77308547072,0
1787749856191130122,77320867840,77309411328,11456512,77307117568,0
1787749856218327124,77319950336,77309411328,10539008,77306187776,0
1787749856245798580,77318504448,77309411328,9093120,77309558784,0
1787749856272751548,77320826880,77309411328,11415552,77307871232,0
1787749856299505561,77320192000,77309411328,10780672,77306724352,0
1787749856326654331,77319307264,77309411328,9895936,77305315328,0
1787749856353796372,77317632000,77309411328,8220672,77308981248,0
1787749856381210798,77321826304,77309411328,12414976,77308223488,0
1787749856408090923,77320806400,77309411328,11395072,77307109376,0
1787749856434958329,77319692288,77309411328,10280960,77305659392,0
1787749856461577860,77318242304,77309411328,8830976,77308968960,0
1787749856488771731,77321551872,77309411328,12140544,77308284928,0
1787749856516440221,77322178560,77309411328,12767232,77309956096,0
1787749856543667093,77322797056,77309411328,13385728,77306019840,0
1787749856570618120,77320171520,77309411328,10760192,77306896384,0
1787749856597611718,77319479296,77309411328,10067968,77307092992,0
1787749856625057944,77319675904,77309411328,10264576,77307240448,0
1787749856652857747,77321396224,77309411328,11984896,77309071360,0
1787749856679848184,77322424320,77309411328,13012992,77309886464,0
1787749856706870313,77322993664,77309411328,13582336,77306503168,0
1787749856734380000,77320126464,77309411328,10715136,77306626048,0
1787749856762405827,77319991296,77309411328,10579968,77307990016,0
1787749856789298813,77320306688,77309411328,10895360,77308149760,0
1787749856816116857,77320994816,77309411328,11583488,77308469248,0
1787749856842890361,77321310208,77309411328,11898880,77309120512,0
1787749856870445169,77323010048,77309411328,13598720,77305917440,0
1787749856898210901,77319811072,77309411328,10399744,77307904000,0
1787749856925019045,77321269248,77309411328,11857920,77308522496,0
1787749856951982883,77322678272,77309411328,13266944,77306245120,0
1787749856978837538,77320138752,77309411328,10727424,77307621376,0
1787749857006073200,77322039296,77309411328,12627968,77309358080,0
1787749857034575176,77324038144,77309411328,14626816,77307060224,0
1787749857061670595,77321736192,77309411328,12324864,77308997632,0
1787749857088680003,77322629120,77309411328,13217792,77306187776,0
1787749857115732322,77320081408,77309411328,10670080,77307498496,0
1787749857143008005,77320863744,77309411328,11452416,77307912192,0
1787749857170934710,77322592256,77309411328,13180928,77305618432,0
1787749857198005519,77319770112,77309411328,10358784,77307318272,0
1787749857224871665,77321469952,77309411328,12058624,77308788736,0
1787749857252050966,77322420224,77309411328,13008896,77306335232,0
1787749857279421711,77320228864,77309411328,10817536,77307412480,0
1787749857307145172,77321043968,77309411328,11632640,77309444096,0
1787749857334322653,77322809344,77309411328,13398016,77305745408,0
1787749857361242899,77319639040,77309411328,10227712,77306998784,0
1787749857388128055,77320630272,77309411328,11218944,77308932096,0
1787749857415725784,77322301440,77309411328,12890112,77305835520,0
1787749857443512316,77319729152,77309411328,10317824,77307932672,0
1787749857470490004,77321293824,77309411328,11882496,77308567552,0
1787749857497623334,77322461184,77309411328,13049856,77305847808,0
1787749857524858566,77318950912,77309411328,9539584,77307285504,0
1787749857552619258,77320916992,77309411328,11505664,77308039168,0
1787749857580304159,77321670656,77309411328,12259328,77309644800,0
1787749857607480160,77322481664,77309411328,13070336,77306556416,0
1787749857634439347,77319921664,77309411328,10510336,77307502592,0
1787749857661777021,77321134080,77309411328,11722752,77308420096,0
1787749857689609125,77322051584,77309411328,12640256,77306060800,0
1787749857717125562,77318905856,77309411328,9494528,77307273216,0
1787749857744168781,77319852032,77309411328,10440704,77307891712,0
1787749857771222189,77321261056,77309411328,11849728,77308821504,0
1787749857798786468,77322452992,77309411328,13041664,77305499648,0
1787749857826807604,77319393280,77309411328,9981952,77307629568,0
1787749857853851023,77320994816,77309411328,11583488,77308248064,0
1787749857880891502,77321879552,77309411328,12468224,77309624320,0
1787749857908190595,77323255808,77309411328,13844480,77306970112,0
1787749857935521639,77320597504,77309411328,11186176,77307785216,0
1787749857963535476,77322465280,77309411328,13053952,77305458688,0
1787749857990661086,77318823936,77309411328,9412608,77307060224,0
1787749858017725775,77320425472,77309411328,11014144,77307711488,0
1787749858044875056,77321605120,77309411328,12193792,77309087744,0
1787749858072478885,77323767808,77309411328,14356480,77306859520,0
1787749858100251787,77321277440,77309411328,11866112,77308837888,0
1787749858127665392,77322731520,77309411328,13320192,77306892288,0
1787749858154596519,77320257536,77309411328,10846208,77307707392,0
1787749858181524385,77321601024,77309411328,12189696,77309841408,0
1787749858209164975,77323472896,77309411328,14061568,77306662912,0
1787749858236877816,77321338880,77309411328,11927552,77308686336,0
1787749858264431734,77322305536,77309411328,12894208,77306478592,0
1787749858291882800,77320105984,77309411328,10694656,77307326464,0
1787749858319609042,77320957952,77309411328,11546624,77309202432,0
1787749858348223549,77322567680,77309411328,13156352,77306806272,0
1787749858376147604,77320962048,77309411328,11550720,77309087744,0
1787749858404056959,77322452992,77309411328,13041664,77306601472,0
1787749858431362383,77320232960,77309411328,10821632,77307543552,0
1787749858459450060,77321699328,77309411328,12288000,77309530112,0
1787749858488444945,77323685888,77309411328,14274560,77307912192,0
1787749858515995073,77322055680,77309411328,12644352,77309509632,0
1787749858544012260,77323927552,77309411328,14516224,77307215872,0
1787749858571678560,77321371648,77309411328,11960320,77309214720,0
1787749858600149735,77323370496,77309411328,13959168,77306675200,0
1787749858628623420,77321347072,77309411328,11935744,77309620224,0
1787749858656451463,77323239424,77309411328,13828096,77306822656,0
1787749858683895449,77320454144,77309411328,11042816,77308559360,0
1787749858711686622,77322190848,77309411328,12779520,77306015744,0
1787749858739631677,77319110656,77309411328,9699328,77307244544,0
1787749858768130483,77320867840,77309411328,11456512,77308710912,0
1787749858795927985,77321551872,77309411328,12140544,77310017536,0
1787749858823845680,77323120640,77309411328,13709312,77307076608,0
1787749858851577241,77319655424,77309411328,10244096,77308121088,0
1787749858880079687,77321748480,77309411328,12337152,77309067264,0
1787749858909023021,77322428416,77309411328,13017088,77306601472,0
1787749858936615129,77319184384,77309411328,9773056,77307551744,0
1787749858964418012,77320134656,77309411328,10723328,77308563456,0
1787749858992360797,77320876032,77309411328,11464704,77308243968,0
1787749859020979445,77320826880,77309411328,11415552,77309358080,0
1787749859048743857,77321412608,77309411328,12001280,77309243392,0
1787749859076427548,77321826304,77309411328,12414976,77309243392,0
1787749859104518536,77321826304,77309411328,12414976,77306425344,0
1787749859132338929,77319008256,77309411328,9596928,77307736064,0
1787749859160680251,77320835072,77309411328,11423744,77308784640,0
1787749859188818420,77322416128,77309411328,13004800,77306630144,0
1787749859216251546,77320261632,77309411328,10850304,77307977728,0
1787749859243889846,77321601024,77309411328,12189696,77310201856,0
1787749859272012614,77323030528,77309411328,13619200,77307146240,0
1787749859300443588,77320777728,77309411328,11366400,77308944384,0
1787749859328540287,77322035200,77309411328,12623872,77306191872,0
1787749859356009733,77319823360,77309411328,10412032,77307232256,0
1787749859383791115,77320863744,77309411328,11452416,77309214720,0
1787749859412114748,77322846208,77309411328,13434880,77306544128,0
1787749859440593423,77320437760,77309411328,11026432,77308624896,0
1787749859468942275,77322514432,77309411328,13103104,77307219968,0
1787749859496485123,77320327168,77309411328,10915840,77308665856,0
1787749859524695714,77322559488,77309411328,13148160,77306654720,0
1787749859553066617,77320286208,77309411328,10874880,77307777024,0
1787749859581459590,77321408512,77309411328,11997184,77309947904,0
1787749859609508157,77322264576,77309411328,12853248,77306376192,0
1787749859637364821,77320269824,77309411328,10858496,77307363328,0
1787749859665217995,77320728576,77309411328,11317248,77308145664,0
1787749859693458615,77321515008,77309411328,12103680,77310246912,0
1787749859721226347,77322829824,77309411328,13418496,77306978304,0
1787749859748464110,77319561216,77309411328,10149888,77306802176,0
1787749859775626010,77319643136,77309411328,10231808,77307551744,0
1787749859803063246,77320396800,77309411328,10985472,77307813888,0
1787749859831341808,77320658944,77309411328,11247616,77309059072,0
1787749859858782844,77321375744,77309411328,11964416,77308928000,0
1787749859886522085,77321768960,77309411328,12357632,77305450496,0
1787749859913832539,77317771264,77309411328,8359936,77305384960,0
1787749859941582211,77317967872,77309411328,8556544,77305319424,0
1787749859969712019,77318164480,77309411328,8753152,77306761216,0
1787749859996881510,77319077888,77309411328,9666560,77306953728,0
1787749860024487869,77318746112,77309411328,9334784,77306847232,0
1787749860051839374,77318377472,77309411328,8966144,77306974208,0
1787749860079732788,77318508544,77309411328,9097216,77306187776,0
1787749860107428769,77318770688,77309411328,9359360,77307006976,0
1787749860134902446,77318275072,77309411328,8863744,77307035648,0
1787749860162137658,77318565888,77309411328,9154560,77307170816,0
1787749860189800398,77318967296,77309411328,9555968,77307953152,0
1787749860218008778,77319745536,77309411328,10334208,77308506112,0
1787749860245371453,77319766016,77309411328,10354688,77308354560,0
1787749860272753568,77320146944,77309411328,10735616,77307957248,0
1787749860300156163,77319749632,77309411328,10338304,77308198912,0
1787749860328257621,77319729152,77309411328,10317824,77308092416,0
1787749860356154925,77319614464,77309411328,10203136,77308243968,0
1787749860383804585,77319778304,77309411328,10366976,77308293120,0
1787749860411446815,77321396224,77309411328,11984896,77308416000,0
1787749860438980543,77320986624,77309411328,11575296,77309026304,0
1787749860467053180,77321084928,77309411328,11673600,77309911040,0
1787749860496068996,77322493952,77309411328,13082624,77306765312,0
1787749860523545022,77319081984,77309411328,9670656,77307514880,0
1787749860551077480,77320097792,77309411328,10686464,77307801600,0
1787749860578644978,77320908800,77309411328,11497472,77309112320,0
1787749860607150974,77322743808,77309411328,13332480,77307412480,0
1787749860634602340,77321043968,77309411328,11632640,77308788736,0
1787749860662154598,77322158080,77309411328,12746752,77306286080,0
1787749860689309339,77319917568,77309411328,10506240,77307715584,0
1787749860716934988,77321609216,77309411328,12197888,77310300160,0
1787749860745462894,77323931648,77309411328,14520320,77308465152,0
1787749860773238807,77322358784,77309411328,12947456,77307011072,0
1787749860800403097,77320368128,77309411328,10956800,77308407808,0
1787749860828063937,77322301440,77309411328,12890112,77305360384,0
1787749860855620386,77319774208,77309411328,10362880,77308043264,0
1787749860883717554,77321674752,77309411328,12263424,77310005248,0
1787749860911259012,77323636736,77309411328,14225408,77307871232,0
1787749860938522174,77321756672,77309411328,12345344,77310189568,0
1787749860966084133,77324083200,77309411328,14671872,77309194240,0
1787749860994543577,77322821632,77309411328,13410304,77307584512,0
1787749861021962683,77321211904,77309411328,11800576,77309403136,0
1787749861049716895,77323034624,77309411328,13623296,77307625472,0
1787749861076924996,77320990720,77309411328,11579392,77308768256,0
1787749861104879002,77322133504,77309411328,12722176,77307060224,0
1787749861133239915,77320953856,77309411328,11542528,77309050880,0
1787749861161692370,77322153984,77309411328,12742656,77306310656,0
1787749861189650715,77320458240,77309411328,11046912,77308915712,0
1787749861218159251,77322285056,77309411328,12873728,77307600896,0
1787749861246272629,77320445952,77309411328,11034624,77309251584,0
1787749861275582180,77322883072,77309411328,13471744,77308297216,0
1787749861303645787,77320613888,77309411328,11202560,77309550592,0
1787749861332225414,77322919936,77309411328,13508608,77308919808,0
1787749861360935734,77321490432,77309411328,12079104,77306765312,0
1787749861389197955,77320134656,77309411328,10723328,77309521920,0
1787749861417422255,77323153408,77309411328,13742080,77309161472,0
1787749861445872520,77322522624,77309411328,13111296,77308010496,0
1787749861473878446,77321895936,77309411328,12484608,77307224064,0
1787749861502057856,77320593408,77309411328,11182080,77309423616,0
1787749861531378787,77323055104,77309411328,13643776,77308608512,0
1787749861559783440,77321973760,77309411328,12562432,77307576320,0
1787749861587412340,77320417280,77309411328,11005952,77310169088,0
1787749861615695921,77323800576,77309411328,14389248,77308891136,0
1787749861644363510,77321474048,77309411328,12062720,77307138048,0
1787749861672718283,77320507392,77309411328,11096064,77309288448,0
1787749861700878472,77322387456,77309411328,12976128,77307748352,0
1787749861728264087,77320331264,77309411328,10919936,77309059072,0
1787749861756553719,77322690560,77309411328,13279232,77307133952,0
1787749861785053514,77320503296,77309411328,11091968,77309779968,0
1787749861813326036,77323411456,77309411328,14000128,77308534784,0
1787749861840638119,77321109504,77309411328,11698176,77310083072,0
1787749861868592375,77322928128,77309411328,13516800,77308411904,0
1787749861896889727,77320994816,77309411328,11583488,77310251008,0
1787749861925616376,77323620352,77309411328,14209024,77308854272,0
1787749861953525601,77321957376,77309411328,12546048,77308116992,0
1787749861981616849,77320699904,77309411328,11288576,77307420672,0
1787749862009153377,77320003584,77309411328,10592256,77309972480,0
1787749862037345267,77323603968,77309411328,14192640,77309902848,0
1787749862066246800,77323534336,77309411328,14123008,77310062592,0
1787749862094190375,77323427840,77309411328,14016512,77309820928,0
1787749862121828095,77322403840,77309411328,12992512,77309100032,0
1787749862150439142,77322731520,77309411328,13320192,77308600320,0
1787749862179354105,77321965568,77309411328,12554240,77308223488,0
1787749862206984125,77321854976,77309411328,12443648,77307068416,0
1787749862234465562,77320699904,77309411328,11288576,77307260928,0
1787749862262084341,77320630272,77309411328,11218944,77305933824,0
1787749862289723801,77319823360,77309411328,10412032,77309521920,0
1787749862318104594,77323145216,77309411328,13733888,77309313024,0
1787749862345884916,77322944512,77309411328,13533184,77309132800,0
1787749862373570957,77322498048,77309411328,13086720,77308547072,0
1787749862401169176,77321654272,77309411328,12242944,77307875328,0
1787749862429101001,77321240576,77309411328,11829248,77307101184,0
1787749862457454164,77321252864,77309411328,11841536,77307748352,0
1787749862484960191,77321113600,77309411328,11702272,77306474496,0
1787749862512233334,77320368128,77309411328,10956800,77309739008,0
1787749862539785532,77323370496,77309411328,13959168,77309558784,0
1787749862568109744,77323190272,77309411328,13778944,77308739584,0
1787749862596204722,77322108928,77309411328,12697600,77307793408,0
1787749862623888683,77321158656,77309411328,11747328,77307121664,0
1787749862651303938,77320228864,77309411328,10817536,77310054400,0
1787749862679247073,77323681792,77309411328,14270464,77309198336,0
1787749862707659437,77322829824,77309411328,13418496,77309026304,0
1787749862735590482,77322657792,77309411328,13246464,77308043264,0
1787749862763279773,77321400320,77309411328,11988992,77307437056,0
1787749862790520985,77320282112,77309411328,10870784,77310009344,0
1787749862818555922,77322854400,77309411328,13443072,77309014016,0
1787749862847046658,77322645504,77309411328,13234176,77308932096,0
1787749862874751699,77321248768,77309411328,11837440,77307416576,0
1787749862902431069,77321043968,77309411328,11632640,77307035648,0
1787749862929955606,77320138752,77309411328,10727424,77309992960,0
1787749862958389281,77323620352,77309411328,14209024,77308727296,0
1787749862986875826,77322616832,77309411328,13205504,77308907520,0
1787749863014763000,77322268672,77309411328,12857344,77307428864,0
1787749863042566133,77321060352,77309411328,11649024,77307281408,0
1787749863070326065,77319860224,77309411328,10448896,77309734912,0
1787749863098718958,77322317824,77309411328,12906496,77308526592,0
1787749863126446120,77320843264,77309411328,11431936,77306957824,0
1787749863153899136,77319802880,77309411328,10391552,77310009344,0
1787749863181577606,77322592256,77309411328,13180928,77309890560,0
1787749863209631844,77322469376,77309411328,13058048,77309698048,0
1787749863238208081,77322805248,77309411328,13393920,77309468672,0
1787749863266081685,77322829824,77309411328,13418496,77309018112,0
1787749863293714894,77322911744,77309411328,13500416,77309136896,0
1787749863321867643,77322506240,77309411328,13094912,77309161472,0
1787749863350204006,77322526720,77309411328,13115392,77308743680,0
1787749863378479997,77321322496,77309411328,11911168,77308542976,0
1787749863406438563,77321388032,77309411328,11976704,77308559360,0
1787749863434306597,77321142272,77309411328,11730944,77307420672,0
1787749863462284303,77320003584,77309411328,10592256,77307375616,0
1787749863490799948,77320220672,77309411328,10809344,77307445248,0
1787749863518304166,77319761920,77309411328,10350592,77309353984,0
1787749863546133439,77322199040,77309411328,12787712,77309476864,0
1787749863573669867,77321797632,77309411328,12386304,77308219392,0
1787749863601861676,77320802304,77309411328,11390976,77308403712,0
1787749863630253740,77322031104,77309411328,12619776,77308416000,0
1787749863658011762,77321785344,77309411328,12374016,77308190720,0
1787749863685665342,77320773632,77309411328,11362304,77308108800,0
1787749863713297301,77320691712,77309411328,11280384,77307887616,0
1787749863741453951,77320466432,77309411328,11055104,77307809792,0
1787749863769977127,77321699328,77309411328,12288000,77309169664,0
1787749863797714758,77321744384,77309411328,12333056,77309493248,0
1787749863825643633,77323382784,77309411328,13971456,77307203584,0
1787749863853633499,77320306688,77309411328,10895360,77307555840,0
1787749863882416190,77320658944,77309411328,11247616,77307408384,0
1787749863910634850,77321031680,77309411328,11620352,77308719104,0
1787749863938483624,77321560064,77309411328,12148736,77308293120,0
1787749863966284276,77321400320,77309411328,11988992,77308084224,0
1787749863994474196,77321711616,77309411328,12300288,77308452864,0
1787749864023352559,77321814016,77309411328,12402688,77309120512,0
1787749864051467837,77321437184,77309411328,12025856,77308841984,0
1787749864079355661,77321420800,77309411328,12009472,77308694528,0
1787749864107354358,77321273344,77309411328,11862016,77307809792,0
1787749864135212171,77319856128,77309411328,10444800,77310418944,0
1787749864163711617,77323001856,77309411328,13590528,77310246912,0
1787749864191367727,77321515008,77309411328,12103680,77309378560,0
1787749864219195740,77320912896,77309411328,11501568,77308076032,0
1787749864246898031,77319610368,77309411328,10199040,77307248640,0
1787749864274937578,77318782976,77309411328,9371648,77309730816,0
1787749864302669219,77322047488,77309411328,12636160,77308334080,0
1787749864330234728,77321179136,77309411328,11767808,77308116992,0
1787749864357749715,77322002432,77309411328,12591104,77309513728,0
1787749864385549908,77322096640,77309411328,12685312,77308338176,0
1787749864413683666,77321183232,77309411328,11771904,77308751872,0
1787749864441331346,77321068544,77309411328,11657216,77307211776,0
1787749864469125479,77320056832,77309411328,10645504,77307682816,0
1787749864496866680,77320527872,77309411328,11116544,77306654720,0
1787749864524754465,77318967296,77309411328,9555968,77309538304,0
1787749864552970145,77322117120,77309411328,12705792,77309419520,0
1787749864580511103,77320953856,77309411328,11542528,77308641280,0
1787749864608207863,77320171520,77309411328,10760192,77307805696,0
1787749864636029356,77320114176,77309411328,10702848,77306552320,0
1787749864664060793,77319135232,77309411328,9723904,77310124032,0
1787749864692175412,77322706944,77309411328,13295616,77310418944,0
1787749864719822772,77323001856,77309411328,13590528,77309321216,0
1787749864747308939,77321904128,77309411328,12492800,77309333504,0
1787749864775274944,77322174464,77309411328,12763136,77308592128,0
1787749864803714179,77321699328,77309411328,12288000,77308338176,0
1787749864831454740,77321183232,77309411328,11771904,77308837888,0
1787749864858793264,77320880128,77309411328,11468800,77308379136,0
1787749864886134378,77320699904,77309411328,11288576,77308059648,0
1787749864913776778,77319589888,77309411328,10178560,77307457536,0
1787749864941830365,77319774208,77309411328,10362880,77307297792,0
1787749864968997806,77319090176,77309411328,9678848,77309915136,0
1787749864996236029,77321449472,77309411328,12038144,77309100032,0
1787749865023647464,77321420800,77309411328,12009472,77309693952,0
1787749865051354435,77322014720,77309411328,12603392,77309460480,0
1787749865079627026,77322559488,77309411328,13148160,77307527168,0
1787749865106858039,77320101888,77309411328,10690560,77308350464,0
1787749865134131532,77320929280,77309411328,11517952,77309181952,0
1787749865161864323,77321756672,77309411328,12345344,77309022208,0
1787749865190008132,77322653696,77309411328,13242368,77306847232,0
1787749865217865236,77320740864,77309411328,11329536,77307969536,0
1787749865245324432,77321334784,77309411328,11923456,77308379136,0
1787749865272439902,77321224192,77309411328,11812864,77309210624,0
1787749865300752974,77322579968,77309411328,13168640,77307047936,0
1787749865331671434,77321990144,77309411328,12578816,77310205952,0
1787749865359088860,77323833344,77309411328,14422016,77308116992,0
1787749865386433334,77321748480,77309411328,12337152,77310009344,0
1787749865413922171,77322592256,77309411328,13180928,77307518976,0
1787749865441533390,77321150464,77309411328,11739136,77308346368,0
1787749865469637228,77321977856,77309411328,12566528,77310291968,0
1787749865497202907,77324185600,77309411328,14774272,77308219392,0
1787749865524469689,77321584640,77309411328,12173312,77309579264,0
1787749865552052978,77322424320,77309411328,13012992,77307322368,0
1787749865579634667,77320949760,77309411328,11538432,77308481536,0
1787749865607700554,77322108928,77309411328,12697600,77309075456,0
1787749865635119550,77322440704,77309411328,13029376,77306789888,0
1787749865662560556,77319634944,77309411328,10223616,77307703296,0
1787749865689833699,77320286208,77309411328,10874880,77308280832,0
1787749865717879766,77320863744,77309411328,11452416,77308162048,0
1787749865746202558,77321531392,77309411328,12120064,77309026304,0
1787749865773667525,77321342976,77309411328,11931648,77309530112,0
1787749865801017069,77321846784,77309411328,12435456,77309059072,0
1787749865828793201,77321904128,77309411328,12492800,77310046208,0
1787749865857533841,77322887168,77309411328,13475840,77308203008,0
1787749865885069019,77320781824,77309411328,11370496,77308076032,0
1787749865912693098,77320658944,77309411328,11247616,77308735488,0
1787749865940252496,77320794112,77309411328,11382784,77308784640,0
1787749865968225212,77321629696,77309411328,12218368,77309939712,0
1787749865996729618,77322256384,77309411328,12845056,77307338752,0
1787749866024106533,77318606848,77309411328,9195520,77310119936,0
1787749866051934926,77322702848,77309411328,13291520,77306970112,0
1787749866079483634,77320601600,77309411328,11190272,77308280832,0
1787749866107295757,77321125888,77309411328,11714560,77308923904,0
1787749866135466446,77321768960,77309411328,12357632,77309341696,0
1787749866162812720,77321654272,77309411328,12242944,77309022208,0
1787749866190286917,77321863168,77309411328,12451840,77309603840,0
1787749866218301074,77322182656,77309411328,12771328,77307723776,0
1787749866246755398,77320306688,77309411328,10895360,77308567552,0
1787749866274343197,77320884224,77309411328,11472896,77308268544,0
1787749866301997537,77320851456,77309411328,11440128,77309149184,0
1787749866329638537,77321732096,77309411328,12320768,77309575168,0
1787749866357892048,77322682368,77309411328,13271040,77308104704,0
1787749866386012776,77320687616,77309411328,11276288,77309083648,0
1787749866413898080,77322711040,77309411328,13299712,77307260928,0
1787749866441555570,77320892416,77309411328,11481088,77309214720,0
1787749866469101788,77322059776,77309411328,12648448,77310074880,0
1787749866497999891,77323706368,77309411328,14295040,77309198336,0
1787749866526953365,77323091968,77309411328,13680640,77308383232,0
1787749866555036093,77320962048,77309411328,11550720,77308891136,0
1787749866582887507,77320949760,77309411328,11538432,77309267968,0
1787749866610889783,77321584640,77309411328,12173312,77308633088,0
1787749866639886688,77321736192,77309411328,12324864,77309718528,0
1787749866668222030,77322559488,77309411328,13148160,77308145664,0
1787749866695939081,77320200192,77309411328,10788864,77307879424,0
1787749866723652032,77320200192,77309411328,10788864,77307506688,0
1787749866751896363,77320089600,77309411328,10678272,77307342848,0
1787749866780553042,77320183808,77309411328,10772480,77307822080,0
1787749866808371875,77319344128,77309411328,9932800,77307191296,0
1787749866835652678,77318717440,77309411328,9306112,77309030400,0
1787749866863463210,77320826880,77309411328,11415552,77308739584,0
1787749866891989726,77320273920,77309411328,10862592,77308452864,0
1787749866920222567,77320769536,77309411328,11358208,77308633088,0
1787749866948026930,77320691712,77309411328,11280384,77308456960,0
1787749866975611438,77321302016,77309411328,11890688,77309218816,0
1787749867003850089,77321277440,77309411328,11866112,77309386752,0
1787749867033199790,77322756096,77309411328,13344768,77308514304,0
1787749867061075864,77321879552,77309411328,12468224,77308952576,0
1787749867089140122,77322584064,77309411328,13172736,77307891712,0
1787749867116877343,77320470528,77309411328,11059200,77308993536,0
1787749867145339508,77321576448,77309411328,12165120,77307277312,0
1787749867174120499,77319860224,77309411328,10448896,77308116992,0
1787749867202179866,77320695808,77309411328,11284480,77308837888,0
1787749867230003519,77321420800,77309411328,12009472,77309808640,0
1787749867258207379,77322653696,77309411328,13242368,77308284928,0
1787749867286525482,77320601600,77309411328,11190272,77308563456,0
1787749867315438565,77321408512,77309411328,11997184,77309333504,0
1787749867344258356,77322960896,77309411328,13549568,77308628992,0
1787749867372514217,77322260480,77309411328,12849152,77307711488,0
1787749867400875170,77321342976,77309411328,11931648,77308866560,0
1787749867429810084,77322493952,77309411328,13082624,77308436480,0
1787749867457852681,77321277440,77309411328,11866112,77309239296,0
1787749867486012430,77322870784,77309411328,13459456,77308571648,0
1787749867513808313,77321154560,77309411328,11743232,77309530112,0
1787749867542283118,77323161600,77309411328,13750272,77309296640,0
1787749867571096759,77322133504,77309411328,12722176,77307740160,0
1787749867599033534,77319790592,77309411328,10379264,77308035072,0
1787749867626548752,77320617984,77309411328,11206656,77308461056,0
1787749867653920096,77320781824,77309411328,11370496,77309104128,0
1787749867681660178,77321687040,77309411328,12275712,77309108224,0
1787749867709840618,77321682944,77309411328,12271616,77310132224,0
1787749867737719562,77323231232,77309411328,13819904,77308465152,0
1787749867765206209,77320261632,77309411328,10850304,77308309504,0
1787749867793064892,77321154560,77309411328,11743232,77308706816,0
1787749867821452596,77321273344,77309411328,11862016,77309227008,0
1787749867848893592,77321023488,77309411328,11612160,77309403136,0
1787749867876561032,77320929280,77309411328,11517952,77309181952,0
1787749867904093070,77320708096,77309411328,11296768,77308665856,0
1787749867931842511,77320462336,77309411328,11051008,77307998208,0
1787749867960171504,77320843264,77309411328,11431936,77310062592,0
1787749867987659101,77321330688,77309411328,11919360,77309214720,0
1787749868015527385,77321011200,77309411328,11599872,77308641280,0
1787749868043342627,77320962048,77309411328,11550720,77309128704,0
1787749868071418855,77320663040,77309411328,11251712,77309263872,0
1787749868099805069,77321580544,77309411328,12169216,77308964864,0
1787749868127558860,77321019392,77309411328,11608064,77309521920,0
1787749868155068998,77321056256,77309411328,11644928,77309304832,0
1787749868183196836,77320839168,77309411328,11427840,77309345792,0
1787749868211890375,77321928704,77309411328,12517376,77309894656,0
1787749868239620827,77321424896,77309411328,12013568,77309857792,0
1787749868267369278,77321654272,77309411328,12242944,77310042112,0
1787749868295286263,77322625024,77309411328,13213696,77307781120,0
1787749868323456723,77320097792,77309411328,10686464,77308608512,0
1787749868352067520,77322502144,77309411328,13090816,77307576320,0
1787749868379785321,77320159232,77309411328,10747904,77308448768,0
1787749868407434491,77320765440,77309411328,11354112,77309325312,0
1787749868435509119,77322432512,77309411328,13021184,77308039168,0
1787749868463767190,77321670656,77309411328,12259328,77310332928,0
1787749868492472389,77323177984,77309411328,13766656,77309288448,0
1787749868520330223,77322129408,77309411328,12718080,77308157952,0
1787749868547813630,77320806400,77309411328,11395072,77310349312,0
1787749868576013440,77323452416,77309411328,14041088,77308432384,0
1787749868604666668,77322326016,77309411328,12914688,77307891712,0
1787749868632207366,77320470528,77309411328,11059200,77309124608,0
1787749868659769324,77321695232,77309411328,12283904,77310103552,0
1787749868687542306,77322162176,77309411328,12750848,77307555840,0
1787749868715595484,77320138752,77309411328,10727424,77308588032,0
1787749868744439456,77322219520,77309411328,12808192,77307523072,0
1787749868772147927,77320364032,77309411328,10952704,77308366848,0
1787749868800016540,77321732096,77309411328,12320768,77307482112,0
1787749868827739902,77320065024,77309411328,10653696,77309038592,0
1787749868856736276,77321883648,77309411328,12472320,77307338752,0
1787749868884578230,77320179712,77309411328,10768384,77308223488,0
1787749868912125938,77321592832,77309411328,12181504,77310320640,0
1787749868940056463,77322903552,77309411328,13492224,77308948480,0
1787749868968086780,77321531392,77309411328,12120064,77309911040,0
1787749868996737198,77323526144,77309411328,14114816,77309534208,0
1787749869024838376,77322899456,77309411328,13488128,77308715008,0
1787749869053040656,77321818112,77309411328,12406784,77308112896,0
1787749869080982521,77321736192,77309411328,12324864,77308047360,0
1787749869109052749,77321678848,77309411328,12267520,77310189568,0
1787749869137796239,77324083200,77309411328,14671872,77310328832,0
1787749869165683593,77323960320,77309411328,14548992,77309997056,0
1787749869193881043,77323890688,77309411328,14479360,77310447616,0
1787749869221845899,77324079104,77309411328,14667776,77307777024,0
1787749869250055889,77320359936,77309411328,10948608,77308940288,0
1787749869278409872,77321519104,77309411328,12107776,77309964288,0
1787749869306371528,77322805248,77309411328,13393920,77308735488,0
1787749869334127449,77321052160,77309411328,11640832,77309448192,0
1787749869362268088,77322031104,77309411328,12619776,77308579840,0
1787749869390790844,77322211328,77309411328,12800000,77307244544,0
1787749869418432484,77319823360,77309411328,10412032,77308420096,0
1787749869445997912,77322051584,77309411328,12640256,77307686912,0
1787749869473542240,77321318400,77309411328,11907072,77309014016,0
1787749869501778981,77322907648,77309411328,13496320,77309071360,0
1787749869530616953,77322174464,77309411328,12763136,77308764160,0
1787749869558030828,77320814592,77309411328,11403264,77309476864,0
1787749869585649788,77322321920,77309411328,12910592,77307998208,0
1787749869613129074,77320843264,77309411328,11431936,77309288448,0
1787749869641507908,77321867264,77309411328,12455936,77308514304,0
1787749869670025303,77321359360,77309411328,11948032,77310099456,0
1787749869697698804,77322416128,77309411328,13004800,77308387328,0
1787749869725146610,77320708096,77309411328,11296768,77309583360,0
1787749869753427701,77322166272,77309411328,12754944,77307719680,0
1787749869781810035,77321089024,77309411328,11677696,77309161472,0
1787749869809743180,77322788864,77309411328,13377536,77309063168,0
1787749869837627154,77322956800,77309411328,13545472,77309337600,0
1787749869865419827,77321920512,77309411328,12509184,77308874752,0
1787749869893673248,77321719808,77309411328,12308480,77308178432,0
1787749869922407877,77321805824,77309411328,12394496,77308813312,0
1787749869950344562,77321129984,77309411328,11718656,77307850752,0
1787749869977700867,77320433664,77309411328,11022336,77308624896,0
1787749870005612422,77320945664,77309411328,11534336,77309640704,0
1787749870033824012,77322481664,77309411328,13070336,77309886464,0
1787749870062807996,77323255808,77309411328,13844480,77308661760,0
1787749870090336014,77320712192,77309411328,11300864,77309943808,0
1787749870118081576,77322526720,77309411328,13115392,77310353408,0
1787749870145771276,77322936320,77309411328,13524992,77309640704,0
1787749870173969356,77322747904,77309411328,13336576,77310349312,0
1787749870202459981,77322932224,77309411328,13520896,77310353408,0
1787749870230367526,77322670080,77309411328,13258752,77309792256,0
1787749870258134088,77322375168,77309411328,12963840,77309206528,0
1787749870286122264,77321261056,77309411328,11849728,77309333504,0
1787749870315214901,77322964992,77309411328,13553664,77307793408,0
1787749870342879031,77320376320,77309411328,10964992,77310185472,0
1787749870370951948,77323812864,77309411328,14401536,77309186048,0
1787749870398467406,77321768960,77309411328,12357632,77309243392,0
1787749870426563834,77322346496,77309411328,12935168,77309644800,0
1787749870455471317,77323272192,77309411328,13860864,77308436480,0
1787749870483306520,77321015296,77309411328,11603968,77309145088,0
1787749870510867458,77321981952,77309411328,12570624,77308887040,0
1787749870538755633,77322256384,77309411328,12845056,77309812736,0
1787749870566982853,77322129408,77309411328,12718080,77310148608,0
1787749870594425139,77314338816,77309411328,4927488,77309050880,0
