ts_ns,parent_current,parent_runway_below_high,main_current,main_anon,main_file,main_pgscan_direct,main_pgsteal_direct,main_psi_some_us,main_psi_full_us,sideload_current,sideload_file,parent_high_events,parent_max_events
1787750722248129782,57516752896,54152396800,57512001536,57396797440,8192,0,0,0,0,1822720,0,0,0
1787750722379199426,57525460992,54143688704,57512001536,57396842496,8192,0,0,0,0,10534912,4009984,0,0
1787750722507299274,57527660544,54141489152,57512001536,57396842496,8192,0,0,0,0,12734464,4009984,0,0
1787750722639854721,57527660544,54141489152,57512001536,57396842496,8192,0,0,0,0,12734464,4009984,0,0
1787750722768852659,57527894016,54141255680,57512001536,57396842496,8192,0,0,0,0,12967936,4009984,0,0
1787750722894681667,57527894016,54141255680,57512001536,57396842496,8192,0,0,0,0,12967936,4009984,0,0
1787750723031920438,57527881728,54141267968,57512001536,57396842496,8192,0,0,0,0,12955648,4009984,0,0
1787750723162258785,57527881728,54141267968,57512001536,57396842496,8192,0,0,0,0,12955648,4009984,0,0
1787750723294926154,57527861248,54141288448,57512001536,57396842496,8192,0,0,0,0,12935168,4009984,0,0
1787750723426664452,57527861248,54141288448,57512001536,57396842496,8192,0,0,0,0,12935168,4009984,0,0
1787750723560683741,57527861248,54141288448,57512001536,57396842496,8192,0,0,0,0,12935168,4030464,0,0
1787750723691169182,57527861248,54141288448,57512001536,57396842496,8192,0,0,0,0,12935168,4030464,0,0
1787750723817806547,57527861248,54141288448,57512001536,57396842496,8192,0,0,0,0,12935168,4030464,0,0
1787750723948352278,57527861248,54141288448,57512001536,57396842496,8192,0,0,0,0,12935168,4030464,0,0
1787750724080326981,57527861248,54141288448,57512001536,57396842496,8192,0,0,0,0,12935168,4030464,0,0
1787750724209922581,57527861248,54141288448,57512001536,57396842496,8192,0,0,0,0,12935168,4030464,0,0
1787750724338551310,57527832576,54141317120,57512001536,57396842496,8192,0,0,0,0,12906496,4030464,0,0
1787750724467743700,57527832576,54141317120,57512001536,57396842496,8192,0,0,0,0,12906496,4030464,0,0
1787750724600147933,57527832576,54141317120,57512001536,57396842496,8192,0,0,0,0,12906496,4030464,0,0
1787750724736348899,57527832576,54141317120,57512001536,57396842496,8192,0,0,0,0,12906496,4030464,0,0
1787750724865354816,57527832576,54141317120,57512001536,57396842496,8192,0,0,0,0,12906496,4030464,0,0
1787750724995288063,57527832576,54141317120,57512001536,57396842496,8192,0,0,0,0,12906496,4030464,0,0
1787750725130122049,57719459840,53949689856,57512001536,57396842496,8192,0,0,0,0,204533760,260145152,0,0
1787750725264102245,58065489920,53603659776,57512001536,57396842496,8192,0,0,0,0,550563840,591233024,0,0
1787750725393973521,58411782144,53257367552,57512001536,57396842496,8192,0,0,0,0,897118208,954302464,0,0
1787750725530592806,58773254144,52895895552,57512001536,57396842496,8192,0,0,0,0,1258590208,1299546112,0,0
1787750725659790836,59114565632,52554584064,57512001536,57396842496,8192,0,0,0,0,1599901696,1639940096,0,0
1787750725788462435,59455090688,52214059008,57512001536,57396842496,8192,0,0,0,0,1940426752,1982693376,0,0
1787750725919215150,59801645056,51867504640,57512001536,57396842496,8192,0,0,0,0,2286718976,2330951680,0,0
1787750726050418294,60149510144,51519639552,57512001536,57396842496,8192,0,0,0,0,2634584064,2672787456,0,0
1787750726179134963,60491083776,51178065920,57512001536,57396842496,8192,0,0,0,0,2976419840,3011346432,0,0
1787750726311486723,60834492416,50834657280,57512001536,57396842496,8192,0,0,0,0,3319828480,3359866880,0,0
1787750726442552293,61182095360,50487054336,57512001536,57396842496,8192,0,0,0,0,3667431424,3715858432,0,0
1787750726578387450,61541756928,50127392768,57512001536,57396842496,8192,0,0,0,0,4026830848,4068048896,0,0
1787750726710028064,61889884160,49779265536,57512001536,57396842496,8192,0,0,0,0,4375220224,4412243968,0,0
1787750726840025042,62233735168,49435414528,57512001536,57396842496,8192,0,0,0,0,4718809088,4754079744,0,0
1787750726969125179,62575570944,49093578752,57512001536,57396842496,8192,0,0,0,0,5060907008,5100240896,0,0
1787750727100564288,62923698176,48745451520,57512001536,57396842496,8192,0,0,0,0,5408772096,5441159168,0,0
1787750727229414539,63256358912,48412790784,57512001536,57396842496,8192,0,0,0,0,5741694976,5780373504,0,0
1787750727361134884,63605534720,48063614976,57512001536,57396842496,8192,0,0,0,0,6090608640,6121816064,0,0
1787750727490372293,63948419072,47720730624,57512001536,57396842496,8192,0,0,0,0,6433755136,6466797568,0,0
1787750727621627968,64297857024,47371292672,57512001536,57396842496,8192,0,0,0,0,6783193088,6809157632,0,0
1787750727748980095,64635760640,47033389056,57512001536,57396842496,8192,0,0,0,0,7120834560,7142735872,0,0
1787750727874824420,64970256384,46698893312,57512001536,57396842496,8192,0,0,0,0,7455330304,7478411264,0,0
1787750728001227737,65306587136,46362562560,57512001536,57396842496,8192,0,0,0,0,7791923200,7821819904,0,0
1787750728131503999,65650520064,46018629632,57512001536,57396842496,8192,0,0,0,0,8135593984,8160247808,0,0
1787750728261134756,65986064384,45683085312,57512001536,57396842496,8192,0,0,0,0,8471138304,8494350336,0,0
1787750728389094247,66325016576,45344133120,57512001536,57396842496,8192,0,0,0,0,8810090496,8834875392,0,0
1787750728518070360,66667114496,45002035200,57512001536,57396842496,8192,0,0,0,0,9152188416,9178939392,0,0
1787750728648308451,67012620288,44656529408,57512001536,57396842496,8192,0,0,0,0,9497956352,9521692672,0,0
1787750728777913228,67357077504,44312072192,57512001536,57396842496,8192,0,0,0,0,9842413568,9858547712,0,0
1787750728904343025,67691311104,43977838592,57512001536,57396842496,8192,0,0,0,0,10176647168,10201563136,0,0
1787750729036229852,68042059776,43627089920,57512001536,57396842496,8192,0,0,0,0,10527395840,10551001088,0,0
1787750729166182116,68386500608,43282649088,57512001536,57396842496,8192,0,0,0,0,10871574528,10898079744,0,0
1787750729298359380,68727549952,42941599744,57512001536,57396842496,8192,0,0,0,0,11212886016,11229691904,0,0
1787750729427718951,69070434304,42598715392,57512001536,57396842496,8192,0,0,0,0,11555508224,11575328768,0,0
1787750729557151203,69411483648,42257666048,57512001536,57396842496,8192,0,0,0,0,11896557568,11912839168,0,0
1787750729685962132,69752270848,41916878848,57512001536,57396842496,8192,0,0,0,0,12237344768,12253364224,0,0
1787750729815116938,70093582336,41575567360,57512001536,57396842496,8192,0,0,0,0,12578656256,12597690368,0,0
1787750729946010263,70440284160,41228865536,57512001536,57396842496,8192,0,0,0,0,12925620224,12940312576,0,0
1787750730075346003,70782906368,40886243328,57512001536,57396842496,8192,0,0,0,0,13268242432,13289619456,0,0
1787750730206998964,71121596416,40547553280,57512001536,57396842496,8192,0,0,0,0,13606932480,13625819136,0,0
1787750730338270307,71467364352,40201785344,57512001536,57396842496,8192,0,0,0,0,13952700416,13964247040,0,0
1787750730468509477,71812870144,39856279552,57512001536,57396842496,8192,0,0,0,0,14298206208,14326136832,0,0
1787750730604729719,72173842432,39495307264,57512001536,57396842496,8192,0,0,0,0,14658916352,14681341952,0,0
1787750730738231791,72527474688,39141675008,57512001536,57396842496,8192,0,0,0,0,15012810752,15028289536,0,0
1787750730869065934,72874553344,38794596352,57512001536,57396842496,8192,0,0,0,0,15359889408,15373664256,0,0
1787750731002202918,73227661312,38441488384,57512001536,57396842496,8192,0,0,0,0,15712735232,15727165440,0,0
1787750731134898631,73573953536,38095196160,57512001536,57396842496,8192,0,0,0,0,16059289600,16062447616,0,0
1787750731261897748,73902157824,37766991872,57512001536,57396842496,8192,0,0,0,0,16387231744,16388947968,0,0
1787750731388423585,74237702144,37431447552,57512001536,57396842496,8192,0,0,0,0,16722776064,16728031232,0,0
1787750731516333622,74575867904,37093281792,57512001536,57396842496,8192,0,0,0,0,17060941824,17064361984,0,0
1787750731644150347,74914820096,36754329600,57512001536,57396842496,8192,0,0,0,0,17400156160,17399906304,0,0
1787750731771377500,75253510144,36415639552,57512001536,57396842496,8192,0,0,0,0,17738846208,17748951040,0,0
1787750731901950896,75599015936,36070133760,57512001536,57396842496,8192,0,0,0,0,18084089856,18091048960,0,0
1787750732032170454,75944521728,35724627968,57512001536,57396842496,8192,0,0,0,0,18429595648,18440224768,0,0
1787750732165290746,76297629696,35371520000,57512001536,57396842496,8192,0,0,0,0,18782965760,18781405184,0,0
1787750732293049140,76626620416,35042529280,57512001536,57396842496,8192,0,0,0,0,19111694336,19087327232,0,0
1787750732425371954,76977631232,34691518464,57512001536,57396842496,8192,0,0,0,0,19462967296,19471761408,0,0
1787750732561676087,77338603520,34330546176,57512001536,57396842496,8192,0,0,0,0,19823939584,19832471552,0,0
1787750732694363579,77688041472,33981108224,57512001536,57396842496,8192,0,0,0,0,20173377536,20178763776,0,0
1787750732826503899,78037741568,33631408128,57512001536,57396842496,8192,0,0,0,0,20523077632,20530823168,0,0
1787750732959488119,78389014528,33280135168,57512001536,57396842496,8192,0,0,0,0,20874088448,20875673600,0,0
1787750733089777597,78733209600,32935940096,57512001536,57396842496,8192,0,0,0,0,21218545664,21216067584,0,0
1787750733220880364,79071113216,32598036480,57512001536,57396842496,8192,0,0,0,0,21556449280,21557379072,0,0
1787750733353992035,79423434752,32245714944,57512001536,57396842496,8192,0,0,0,0,21908770816,21906292736,0,0
1787750733484251743,79762911232,31906238464,57512001536,57396842496,8192,0,0,0,0,22247985152,22248259584,0,0
1787750733616528106,80105271296,31563878400,57512001536,57396842496,8192,0,0,0,0,22590607360,22588129280,0,0
1787750733748609644,80453136384,31216013312,57512001536,57396842496,8192,0,0,0,0,22938472448,22929047552,0,0
1787750733876661843,80790253568,30878896128,57512001536,57396842496,8192,0,0,0,0,23275589632,23267999744,0,0
1787750734008334692,81137332224,30531817472,57512001536,57396842496,8192,0,0,0,0,23622668288,23621632000,0,0
1787750734140692556,81483362304,30185787392,57512001536,57396842496,8192,0,0,0,0,23968698368,23954292736,0,0
1787750734270074494,81813401600,29855748096,57512001536,57396842496,8192,0,0,0,0,24298737664,24294424576,0,0
1787750734401324753,82160480256,29508669440,57512001536,57396842496,8192,0,0,0,0,24645816320,24645566464,0,0
1787750734536955659,82518044672,29151105024,57512001536,57396842496,8192,0,0,0,0,25003380736,24994480128,0,0
1787750734670688363,82872463360,28796686336,57512001536,57396842496,8192,0,0,0,0,25357537280,25345359872,0,0
1787750734803802054,83214561280,28454588416,57512001536,57396842496,8192,0,0,0,0,25699897344,25686016000,0,0
1787750734933113720,83554037760,28115111936,57512001536,57396842496,8192,0,0,0,0,26039373824,26034012160,0,0
1787750735066450605,83912650752,27756498944,57512001536,57396842496,8192,0,0,0,0,26397986816,26389348352,0,0
1787750735201353854,84252127232,27417022464,57512001536,57396842496,8192,0,0,0,0,26737201152,26720829440,0,0
1787750735332679494,84596584448,27072565248,57512001536,57396842496,8192,0,0,0,0,27081658368,27066859520,0,0
1787750735462348797,84927934464,26741215232,57512001536,57396842496,8192,0,0,0,0,27413270528,27407646720,0,0
1787750735595929607,85277110272,26392039424,57512001536,57396842496,8192,0,0,0,0,27762446336,27740307456,0,0
1787750735722899031,85610557440,26058592256,57512001536,57396842496,8192,0,0,0,0,28095631360,28055797760,0,0
1787750735851748796,85949247488,25719902208,57512001536,57396842496,8192,0,0,0,0,28434321408,28413362176,0,0
1787750735979736182,86286102528,25383047168,57512001536,57396842496,8192,0,0,0,0,28771176448,28760309760,0,0
1787750736113440324,86633181184,25035968512,57512001536,57396842496,8192,0,0,0,0,29118517248,29101228032,0,0
1787750736245417678,86972657664,24696492032,57512001536,57396842496,8192,0,0,0,0,29457993728,29439131648,0,0
1787750736376726847,87318163456,24350986240,57512001536,57396842496,8192,0,0,0,0,29803499520,29789487104,0,0
1787750736509477058,87658950656,24010199040,57512001536,57396842496,8192,0,0,0,0,30144024576,30122409984,0,0
1787750736639373016,87998951424,23670198272,57512001536,57396842496,8192,0,0,0,0,30484287488,30461755392,0,0
1787750736771240407,88348651520,23320498176,57512001536,57396842496,8192,0,0,0,0,30833987584,30811848704,0,0
1787750736901393580,88693633024,22975516672,57512001536,57396842496,8192,0,0,0,0,31178706944,31150800896,0,0
1787750737030803847,89034682368,22634467328,57512001536,57396842496,8192,0,0,0,0,31519756288,31492505600,0,0
1787750737159367065,89371013120,22298136576,57512001536,57396842496,8192,0,0,0,0,31856349184,31823200256,0,0
1787750737287127894,89689255936,21979893760,57512001536,57396842496,8192,0,0,0,0,32174329856,32136069120,0,0
1787750737413609826,90023751680,21645398016,57512001536,57396842496,8192,0,0,0,0,32509087744,32496517120,0,0
1787750737551272434,90385510400,21283639296,57512001536,57396842496,8192,0,0,0,0,32870584320,32845430784,0,0
1787750737682310497,90724724736,20944424960,57512001536,57396842496,8192,0,0,0,0,33210060800,33189101568,0,0
1787750737816608521,91073900544,20595249152,57512001536,57396842496,8192,0,0,0,0,33559236608,33526611968,0,0
1787750737945497346,91415212032,20253937664,57512001536,57396842496,8192,0,0,0,0,33900285952,33862549504,0,0
1787750738072435457,91750232064,19918917632,57512001536,57396842496,8192,0,0,0,0,34235568128,34197700608,0,0
1787750738200583764,92079222784,19589926912,57512001536,57396842496,8192,0,0,0,0,34564558848,34536390656,0,0
1787750738332726970,92424990720,19244158976,57512001536,57396842496,8192,0,0,0,0,34910326784,34880716800,0,0
1787750738463572077,92770758656,18898391040,57512001536,57396842496,8192,0,0,0,0,35255832576,35225436160,0,0
1787750738594852174,93117313024,18551836672,57512001536,57396842496,8192,0,0,0,0,35602649088,35564257280,0,0
1787750738722914490,93456527360,18212622336,57512001536,57396842496,8192,0,0,0,0,35941863424,35900981248,0,0
1787750738850522205,93792333824,17876815872,57512001536,57396842496,8192,0,0,0,0,36277407744,36236656640,0,0
1787750738977885025,94128926720,17540222976,57512001536,57396842496,8192,0,0,0,0,36614262784,36571545600,0,0
1787750739105704195,94465257472,17203892224,57512001536,57396842496,8192,0,0,0,0,36950331392,36922949632,0,0
1787750739240236403,94812598272,16856551424,57512001536,57396842496,8192,0,0,0,0,37297672192,37261115392,0,0
1787750739370703611,95158366208,16510783488,57512001536,57396842496,8192,0,0,0,0,37643702272,37600591872,0,0
1787750739499391830,95497842688,16171307008,57512001536,57396842496,8192,0,0,0,0,37982916608,37940330496,0,0
1787750739627976076,95836794880,15832354816,57512001536,57396842496,8192,0,0,0,0,38322130944,38287409152,0,0
1787750739760798507,96187281408,15481868288,57512001536,57396842496,8192,0,0,0,0,38672617472,38632652800,0,0
1787750739890816935,96501592064,15167557632,57512001536,57396842496,8192,0,0,0,0,38986665984,38927958016,0,0
1787750740020661049,96811446272,14857703424,57512001536,57396842496,8192,0,0,0,0,39296520192,39250919424,0,0
1787750740149338137,97152495616,14516654080,57512001536,57396842496,8192,0,0,0,0,39637831680,39594328064,0,0
1787750740278616048,97480175616,14188974080,57512001536,57396842496,8192,0,0,0,0,39965249536,39913619456,0,0
1787750740405067406,97815457792,13853691904,57512001536,57396842496,8192,0,0,0,0,40300531712,40254930944,0,0
1787750740538602872,98168303616,13500846080,57512001536,57396842496,8192,0,0,0,0,40653377536,40604237824,0,0
1787750740668414515,98509877248,13159272448,57512001536,57396060160,8192,0,0,0,0,40995213312,40951185408,0,0
1787750740800125169,98856693760,12812455936,57512001536,57395593216,8192,0,0,0,0,41342029824,41294462976,0,0
1787750740931211861,99198529536,12470620160,57512001536,57396842496,8192,0,0,0,0,41683865600,41633546240,0,0
1787750741062149588,99535908864,12133240832,57512001536,57396842496,8192,0,0,0,0,42020982784,41970139136,0,0
1787750741191901679,99877740544,11791409152,57512001536,57396842496,8192,0,0,0,0,42363076608,42308435968,0,0
1787750741323699865,100204896256,11464253440,57512001536,57396842496,8192,0,0,0,0,42690232320,42635067392,0,0
1787750741454475288,100546994176,11122155520,57512001536,57396842496,8192,0,0,0,0,43032068096,42980835328,0,0
1787750741584824922,100891975680,10777174016,57512001536,57396842496,8192,0,0,0,0,43377311744,43318870016,0,0
1787750741711750261,101227782144,10441367552,57512001536,57396842496,8192,0,0,0,0,43713118208,43653758976,0,0
1787750741839360834,101477867520,10191282176,57512001536,57396842496,8192,0,0,0,0,43962941440,43908431872,0,0
1787750741968505502,101811576832,9857572864,57512001536,57396842496,8192,0,0,0,0,44296650752,44238995456,0,0
1787750742097106286,102145810432,9523339264,57512001536,57396842496,8192,0,0,0,0,44631146496,44567855104,0,0
1787750742223785748,102447538176,9221611520,57512001536,57396842496,8192,0,0,0,0,44932874240,44880068608,0,0
1787750742354233974,102789898240,8879251456,57512001536,57396842496,8192,0,0,0,0,45274972160,45211156480,0,0
1787750742481045119,103124131840,8545017856,57512001536,57396842496,8192,0,0,0,0,45609205760,45548011520,0,0
1787750742609292246,103459676160,8209473536,57512001536,57396842496,8192,0,0,0,0,45945012224,45877133312,0,0
1787750742734656749,103790501888,7878647808,57512001536,57396842496,8192,0,0,0,0,46275837952,46204813312,0,0
1787750742859438969,104119754752,7549394944,57512001536,57396842496,8192,0,0,0,0,46604828672,46535770112,0,0
1787750742985426776,104451629056,7217520640,57512001536,57396842496,8192,0,0,0,0,46936965120,46844706816,0,0
1787750743115368969,104791105536,6878044160,57512001536,57396842496,8192,0,0,0,0,47276179456,47220097024,0,0
1787750743248217047,105131368448,6537781248,57512001536,57396842496,8192,0,0,0,0,47616442368,47557476352,0,0
1787750743378609291,105475039232,6194110464,57512001536,57396842496,8192,0,0,0,0,47960375296,47897739264,0,0
1787750743507840099,105816088576,5853061120,57512001536,57396842496,8192,0,0,0,0,48301162496,48230662144,0,0
1787750743634501790,106150060032,5519089664,57512001536,57396842496,8192,0,0,0,0,48635396096,48559390720,0,0
1787750743759243798,106478788608,5190361088,57512001536,57396842496,8192,0,0,0,0,48964124672,48904372224,0,0
1787750743890716326,106825867264,4843282432,57512001536,57396842496,8192,0,0,0,0,49310941184,49240702976,0,0
1787750744019130946,107164033024,4505116672,57512001536,57396842496,8192,0,0,0,0,49649369088,49585029120,0,0
1787750744149639891,107507703808,4161445888,57512001536,57396842496,8192,0,0,0,0,49993039872,49919787008,0,0
1787750744277175991,107836694528,3832455168,57512001536,57396842496,8192,0,0,0,0,50321768448,50245763072,0,0
1787750744407918751,108176171008,3492978688,57512001536,57396842496,8192,0,0,0,0,50661244928,50597953536,0,0
1787750744541130636,108526657536,3142492160,57512001536,57396842496,8192,0,0,0,0,51011731456,50941362176,0,0
1787750744670672030,108867969024,2801180672,57512001536,57396842496,8192,0,0,0,0,51353042944,51278610432,0,0
1787750744798671620,109204561920,2464587776,57512001536,57396842496,8192,0,0,0,0,51689635840,51609829376,0,0
1787750744924718617,109536436224,2132713472,57512001536,57396842496,8192,0,0,0,0,52021772288,51939606528,0,0
1787750745049871624,109866475520,1802674176,57512001536,57396842496,8192,0,0,0,0,52351811584,52270694400,0,0
1787750745175925630,110198874112,1470275584,57512001536,57396842496,8192,0,0,0,0,52684210176,52605583360,0,0
1787750745304492652,110527602688,1141547008,57512001536,57396842496,8192,0,0,0,0,53012676608,52928544768,0,0
1787750745430848125,110860001280,809148416,57512001536,57396842496,8192,0,0,0,0,53345337344,53259894784,0,0
1787750745556649775,111189778432,479371264,57512001536,57396842496,8192,0,0,0,0,53674852352,53588885504,0,0
1787750745681913454,111521652736,147496960,57512001536,57396842496,8192,0,0,0,0,54006726656,53918531584,0,0
1787750745806644101,111667273728,1875968,57512001536,57396842496,8192,0,0,0,0,54152347648,54011985920,30,0
1787750745934700361,111669370880,-221184,57512001536,57396842496,8192,0,0,0,0,54154444800,54019194880,75,0
1787750746062222390,111661506560,7643136,57512001536,57396842496,8192,0,0,0,0,54146842624,54016442368,120,0
1787750746192627911,111662555136,6594560,57512001536,57396842496,8192,0,0,0,0,54147629056,54008053760,162,0
1787750746320611330,111668060160,1089536,57512001536,57396842496,8192,0,0,0,0,54153396224,54008578048,207,0
1787750746452240718,111668060160,1089536,57512001536,57396842496,8192,0,0,0,0,54153134080,54003073024,252,0
1787750746581180697,111664652288,4497408,57512001536,57396842496,8192,0,0,0,0,54149988352,54014083072,297,0
1787750746710986356,111662292992,6856704,57512001536,57396842496,8192,0,0,0,0,54147366912,54007398400,341,0
1787750746845454278,111667011584,2138112,57512001536,57396842496,8192,0,0,0,0,54152085504,54009626624,387,0
1787750746980045332,111656525824,12623872,57512001536,57396842496,8192,0,0,0,0,54141861888,54011592704,432,0
1787750747110472823,111668846592,303104,57512001536,57396842496,8192,0,0,0,0,54153920512,54002810880,477,0
1787750747241577750,111665176576,3973120,57512001536,57396842496,8192,0,0,0,0,54150512640,54010281984,520,0
1787750747370394705,111656787968,12361728,57512001536,57396842496,8192,0,0,0,0,54141861888,54007398400,564,0
1787750747500006129,111668846592,303104,57512001536,57396842496,8192,0,0,0,0,54154182656,54007791616,609,0
1787750747631925733,111668060160,1089536,57512001536,57396842496,8192,0,0,0,0,54153396224,54003073024,654,0
1787750747761510416,111668846592,303104,57512001536,57396842496,8192,0,0,0,0,54154182656,54008840192,699,0
1787750747889064714,111662817280,6332416,57512001536,57396842496,8192,0,0,0,0,54148153344,54006874112,742,0
1787750748016279094,111667273728,1875968,57512001536,57396842496,8192,0,0,0,0,54152609792,53998354432,786,0
1787750748143972885,111665963008,3186688,57512001536,57396842496,8192,0,0,0,0,54151036928,54005825536,830,0
1787750748270003418,111664652288,4497408,57512001536,57396842496,8192,0,0,0,0,54149988352,54006349824,871,0
1787750748397441503,111669370880,-221184,57512001536,57396842496,8192,0,0,0,0,54154444800,53997699072,915,0
1787750748525328468,111667798016,1351680,57512001536,57396842496,8192,0,0,0,0,54152871936,54005432320,960,0
1787750748652938926,111659147264,10002432,57512001536,57396842496,8192,0,0,0,0,54144483328,53999271936,1002,0
1787750748780311609,111667273728,1875968,57512001536,57396842496,8192,0,0,0,0,54152609792,53999796224,1047,0
1787750748912023759,111668584448,565248,57512001536,57396842496,8192,0,0,0,0,54153920512,54001500160,1092,0
1787750749044041504,111667535872,1613824,57512001536,57396842496,8192,0,0,0,0,54152609792,53995995136,1137,0
1787750749174285400,111669370880,-221184,57512001536,57396842496,8192,0,0,0,0,54154444800,53993504768,1182,0
1787750749305774254,111664390144,4759552,57512001536,57396842496,8192,0,0,0,0,54149726208,54002155520,1226,0
1787750749436475260,111661768704,7380992,57512001536,57396842496,8192,0,0,0,0,54147104768,53998878720,1271,0
1787750749566586693,111659147264,10002432,57512001536,57396842496,8192,0,0,0,0,54144483328,53999534080,1314,0
1787750749697003982,111657312256,11837440,57512001536,57396842496,8192,0,0,0,0,54142386176,53998616576,1359,0
1787750749827082185,111668060160,1089536,57512001536,57396842496,8192,0,0,0,0,54153134080,53989310464,1404,0
1787750749954734323,111667011584,2138112,57512001536,57396842496,8192,0,0,0,0,54152347648,53998092288,1449,0
1787750750083010675,111657836544,11313152,57512001536,57396842496,8192,0,0,0,0,54142910464,53989310464,1491,0
1787750750209390375,111660720128,8429568,57512001536,57396842496,8192,0,0,0,0,54145794048,53997305856,1534,0
1787750750341844929,111663865856,5283840,57512001536,57396842496,8192,0,0,0,0,54149201920,53996781568,1579,0
1787750750472187417,111662292992,6856704,57512001536,57396842496,8192,0,0,0,0,54147366912,53995077632,1623,0
1787750750602708048,111660982272,8167424,57512001536,57396842496,8192,0,0,0,0,54146318336,53990227968,1668,0
1787750750729769243,111667273728,1875968,57512001536,57396842496,8192,0,0,0,0,54152609792,53985378304,1713,0
1787750750858986756,111667273728,1875968,57512001536,57396842496,8192,0,0,0,0,54152347648,53993242624,1758,0
1787750750987927722,111660195840,8953856,57512001536,57396842496,8192,0,0,0,0,54145531904,53990621184,1801,0
1787750751121871168,111664652288,4497408,57512001536,57396842496,8192,0,0,0,0,54149988352,53982625792,1848,0
1787750751254689120,111659147264,10002432,57512001536,57396842496,8192,0,0,0,0,54144483328,53989572608,1890,0
1787750751382836468,111667535872,1613824,57512001536,57396842496,8192,0,0,0,0,54152871936,53984722944,1935,0
1787750751513644645,111669370880,-221184,57512001536,57396842496,8192,0,0,0,0,54154444800,53981577216,1980,0
1787750751643187414,111667273728,1875968,57512001536,57396842496,8192,0,0,0,0,54152347648,53988130816,2025,0
1787750751772022167,111659933696,9216000,57512001536,57396842496,8192,0,0,0,0,54145269760,53984854016,2067,0
1787750751899673635,111668322304,827392,57512001536,57396842496,8192,0,0,0,0,54153658368,53977382912,2112,0
1787750752028169551,111667535872,1613824,57512001536,57396842496,8192,0,0,0,0,54152609792,53987344384,2157,0
1787750752157746040,111662292992,6856704,57512001536,57396842496,8192,0,0,0,0,54147366912,53983936512,2200,0
1787750752284854574,111666749440,2400256,57512001536,57396842496,8192,0,0,0,0,54152085504,53986164736,2244,0
1787750752414600137,111663079424,6070272,57512001536,57396842496,8192,0,0,0,0,54148153344,53976727552,2287,0
1787750752550316272,111668060160,1089536,57512001536,57396842496,8192,0,0,0,0,54153396224,53983019008,2334,0
1787750752682830356,111668846592,303104,57512001536,57396842496,8192,0,0,0,0,54154182656,53979873280,2379,0
1787750752813245103,111668060160,1089536,57512001536,57396842496,8192,0,0,0,0,54153134080,53974761472,2424,0
1787750752942135757,111665700864,3448832,57512001536,57396842496,8192,0,0,0,0,54151036928,53970567168,2469,0
1787750753073133957,111663079424,6070272,57512001536,57396842496,8192,0,0,0,0,54148415488,53982101504,2513,0
1787750753203248727,111666749440,2400256,57512001536,57396842496,8192,0,0,0,0,54152085504,53981446144,2556,0
1787750753330220688,111662030848,7118848,57512001536,57396842496,8192,0,0,0,0,54147104768,53980266496,2600,0
1787750753460184985,111659147264,10002432,57512001536,57396842496,8192,0,0,0,0,54144221184,53977382912,2643,0
1787750753588718701,111668584448,565248,57512001536,57396842496,8192,0,0,0,0,54153920512,53967683584,2688,0
1787750753718158216,111668846592,303104,57512001536,57396842496,8192,0,0,0,0,54154182656,53973975040,2733,0
1787750753851079908,111668846592,303104,57512001536,57396842496,8192,0,0,0,0,54154182656,53972664320,2778,0
1787750753982091048,111667273728,1875968,57512001536,57396842496,8192,0,0,0,0,54152609792,53970173952,2823,0
1787750754113989707,111667793920,1355776,57512001536,57396842496,8192,0,0,0,0,54153129984,53968732160,2868,0
1787750754243867841,111661502464,7647232,57512001536,57396842496,8192,0,0,0,0,54146838528,53975285760,2911,0
1787750754372192502,111667793920,1355776,57512001536,57396842496,8192,0,0,0,0,54153129984,53970829312,2955,0
1787750754502425494,111667269632,1880064,57512001536,57396842496,8192,0,0,0,0,54151819264,53963882496,3000,0
1787750754633371352,111668580352,569344,57512001536,57396842496,8192,0,0,0,0,54153916416,53962440704,3045,0
1787750754763618114,111667793920,1355776,57512001536,57396842496,8192,0,0,0,0,54152867840,53971484672,3090,0
1787750754891796751,111661240320,7909376,57512001536,57396842496,8192,0,0,0,0,54146576384,53970829312,3132,0
1787750755020275254,111669104640,45056,57512001536,57396842496,8192,0,0,0,0,54154178560,53967290368,3177,0
1787750755150247300,111663337472,5812224,57512001536,57396842496,8192,0,0,0,0,54148411392,53970042880,3228,0
1787750755279880638,111668580352,569344,57512001536,57396842496,8192,0,0,0,0,54153654272,53962440704,3270,0
1787750755407744647,111667007488,2142208,57512001536,57396842496,8192,0,0,0,0,54152081408,53965455360,3315,0
1787750755543729086,111667277824,1871872,57512001536,57396842496,8192,0,0,0,0,54152081408,53965848576,3354,0
1787750755673213350,111665696768,3452928,57512001536,57396842496,8192,0,0,0,0,54150770688,53967290368,3383,0
1787750755806621462,111669628928,-479232,57512001536,57396842496,8192,0,0,0,0,54154313728,53960212480,3417,0
1787750755934122123,111667007488,2142208,57512001536,57396842496,8192,0,0,0,0,54152343552,53961654272,3459,0
1787750756060362276,111667712000,1437696,57512001536,57396842496,8192,0,0,0,0,54152785920,53964800000,3497,0
1787750756189004372,111665713152,3436544,57512001536,57396842496,8192,0,0,0,0,54150787072,53966151680,3532,0
1787750756316767718,111666352128,2797568,57512001536,57396842496,8192,0,0,0,0,54151426048,53966241792,3573,0
1787750756446314004,111668842496,307200,57512001536,57396842496,8192,0,0,0,0,54153916416,53964800000,3615,0
1787750756577807422,111668973568,176128,57512001536,57396842496,8192,0,0,0,0,54154309632,53962571776,3660,0
1787750756709057675,111667601408,1548288,57512001536,57396842496,8192,0,0,0,0,54152675328,53961199616,3705,0
1787750756845067594,111668125696,1024000,57512001536,57396842496,8192,0,0,0,0,54153199616,53962379264,3734,0
1787750756970900987,111668649984,499712,57512001536,57396842496,8192,0,0,0,0,54153723904,53961916416,3771,0
1787750757096358322,111661895680,7254016,57512001536,57396842496,8192,0,0,0,0,54146969600,53961867264,3815,0
1787750757222806689,111668998144,151552,57512001536,57396842496,8192,0,0,0,0,54154072064,53951447040,3849,0
1787750757356952675,111669006336,143360,57512001536,57396842496,8192,0,0,0,0,54153564160,53959659520,3885,0
1787750757486292825,111667970048,1179648,57512001536,57396842496,8192,0,0,0,0,54153043968,53957144576,3927,0
1787750757616795371,111661428736,7720960,57512001536,57396842496,8192,0,0,0,0,54146764800,53957046272,3961,0
1787750757749239670,111660900352,8249344,57512001536,57396842496,8192,0,0,0,0,54145974272,53951139840,3996,0
1787750757878946949,111669088256,61440,57512001536,57396842496,8192,0,0,0,0,54153519104,53959966720,4032,0
1787750758009942845,111659028480,10121216,57512001536,57396842496,8192,0,0,0,0,54144364544,53950451712,4071,0
1787750758139489120,111656853504,12296192,57512001536,57396842496,8192,0,0,0,0,54142189568,53953990656,4116,0
1787750758267086911,111669174272,-24576,57512001536,57396842496,8192,0,0,0,0,54153461760,53948878848,4161,0
1787750758396122034,111658356736,10792960,57512001536,57396842496,8192,0,0,0,0,54141333504,53955756032,4206,0
1787750758526464376,111663861760,5287936,57512001536,57396842496,8192,0,0,0,0,54149197824,53956542464,4253,0
1787750758654100148,111667269632,1880064,57512001536,57396842496,8192,0,0,0,0,54152605696,53944221696,4299,0
1787750758783282174,111669104640,45056,57512001536,57396842496,8192,0,0,0,0,54154178560,53954183168,4344,0
1787750758914584627,111666745344,2404352,57512001536,57396842496,8192,0,0,0,0,54152081408,53954838528,4392,0
1787750759042809382,111668842496,307200,57512001536,57396842496,8192,0,0,0,0,54154178560,53946580992,4437,0
1787750759172116700,111655997440,13152256,57512001536,57396842496,8192,0,0,0,0,54141333504,53946712064,4482,0
1787750759299146548,111668580352,569344,57512001536,57396842496,8192,0,0,0,0,54153654272,53952479232,4527,0
1787750759433311303,111665958912,3190784,57512001536,57396842496,8192,0,0,0,0,54151032832,53942386688,4574,0
1787750759564806250,111657570304,11579392,57512001536,57396842496,8192,0,0,0,0,54141071360,53950644224,4620,0
1787750759695544859,111666745344,2404352,57512001536,57396842496,8192,0,0,0,0,54151819264,53941469184,4668,0
1787750759827054196,111657570304,11579392,57512001536,57396842496,8192,0,0,0,0,54142906368,53949464576,4713,0
1787750759958645335,111668842496,307200,57512001536,57396842496,8192,0,0,0,0,54153916416,53941862400,4761,0
1787750760088604327,111658356736,10792960,57512001536,57396842496,8192,0,0,0,0,54141333504,53947105280,4806,0
1787750760220432950,111661764608,7385088,57512001536,57396842496,8192,0,0,0,0,54147100672,53947236352,4852,0
1787750760350413702,111667793920,1355776,57512001536,57396842496,8192,0,0,0,0,54152867840,53937537024,4899,0
1787750760480133649,111668842496,307200,57512001536,57396842496,8192,0,0,0,0,54154178560,53940420608,4944,0
1787750760608062966,111658094592,11055104,57512001536,57396842496,8192,0,0,0,0,54143430656,53945663488,4989,0
1787750760738250503,111667793920,1355776,57512001536,57396842496,8192,0,0,0,0,54152867840,53936881664,5037,0
1787750760868337918,111657046016,12103680,57512001536,57396842496,8192,0,0,0,0,54142382080,53943697408,5082,0
1787750760998220948,111666483200,2666496,57512001536,57396842496,8192,0,0,0,0,54151557120,53943173120,5130,0
1787750761127269859,111668318208,831488,57512001536,57396842496,8192,0,0,0,0,54153392128,53935570944,5175,0
1787750761258246363,111667531776,1617920,57512001536,57396842496,8192,0,0,0,0,54152867840,53939240960,5220,0
1787750761389749528,111663075328,6074368,57512001536,57396842496,8192,0,0,0,0,54148411392,53941600256,5267,0
1787750761519204218,111669366784,-217088,57512001536,57396842496,8192,0,0,0,0,54154440704,53934653440,5313,0
1787750761649229551,111660453888,8695808,57512001536,57396842496,8192,0,0,0,0,54145527808,53940551680,5358,0
1787750761779138371,111667531776,1617920,57512001536,57396842496,8192,0,0,0,0,54152605696,53929279488,5406,0
1787750761908585131,111668580352,569344,57512001536,57396842496,8192,0,0,0,0,54153654272,53929934848,5451,0
1787750762035710629,111669100544,49152,57512001536,57396842496,8192,0,0,0,0,54154174464,53933211648,5496,0
1787750762164001443,111656779776,12369920,57512001536,57396842496,8192,0,0,0,0,54141853696,53933473792,5541,0
1787750762293771149,111656779776,12369920,57512001536,57396842496,8192,0,0,0,0,54141067264,53933998080,5586,0
1787750762422782209,111662809088,6340608,57512001536,57396842496,8192,0,0,0,0,54147883008,53935177728,5632,0
1787750762554558900,111668838400,311296,57512001536,57396842496,8192,0,0,0,0,54154174464,53936357376,5679,0
1787750762688069268,111668314112,835584,57512001536,57396842496,8192,0,0,0,0,54153388032,53933867008,5727,0
1787750762823165852,111667527680,1622016,57512001536,57396842496,8192,0,0,0,0,54152863744,53933080576,5775,0
1787750762956092378,111667003392,2146304,57512001536,57396842496,8192,0,0,0,0,54152077312,53924691968,5823,0
1787750763088347668,111656517632,12632064,57512001536,57396842496,8192,0,0,0,0,54141853696,53932556288,5868,0
1787750763218390080,111656517632,12632064,57512001536,57396842496,8192,0,0,0,0,54141853696,53929279488,5913,0
1787750763346412957,111659925504,9224192,57512001536,57396842496,8192,0,0,0,0,54144999424,53926658048,5958,0
1787750763473061024,111659401216,9748480,57512001536,57396842496,8192,0,0,0,0,54144475136,53930065920,6004,0
1787750763602005261,111664644096,4505600,57512001536,57396842496,8192,0,0,0,0,54149718016,53930983424,6050,0
1787750763729149689,111667265536,1884160,57512001536,57396842496,8192,0,0,0,0,54152339456,53930065920,6096,0
1787750763856367299,111668314112,835584,57512001536,57396842496,8192,0,0,0,0,54153650176,53928886272,6141,0
1787750763982513305,111667789824,1359872,57512001536,57396842496,8192,0,0,0,0,54153125888,53928099840,6186,0
1787750764111082893,111655731200,13418496,57512001536,57396842496,8192,0,0,0,0,54141067264,53926395904,6234,0
1787750764237469184,111659401216,9748480,57512001536,57396842496,8192,0,0,0,0,54144475136,53927706624,6279,0
1787750764367857982,111667789824,1359872,57512001536,57396842496,8192,0,0,0,0,54152863744,53915385856,6327,0
1787750764500964051,111663071232,6078464,57512001536,57396842496,8192,0,0,0,0,54148407296,53923905536,6373,0
1787750764631560904,111669362688,-212992,57512001536,57396842496,8192,0,0,0,0,54154436608,53918662656,6420,0
1787750764762256149,111660974080,8175616,57512001536,57396842496,8192,0,0,0,0,54146048000,53921153024,6465,0
1787750764889400626,111660974080,8175616,57512001536,57396842496,8192,0,0,0,0,54146310144,53922594816,6511,0
1787750765017104196,111664119808,5029888,57512001536,57396842496,8192,0,0,0,0,54149455872,53922070528,6557,0
1787750765148338362,111668576256,573440,57512001536,57396842496,8192,0,0,0,0,54153912320,53918269440,6603,0
1787750765277500813,111668576256,573440,57512001536,57396842496,8192,0,0,0,0,54153650176,53914075136,6648,0
1787750765405119380,111657304064,11845632,57512001536,57396842496,8192,0,0,0,0,54142377984,53913026560,6693,0
1787750765541191853,111658614784,10534912,57512001536,57396842496,8192,0,0,0,0,54143688704,53920890880,6741,0
1787750765673809570,111667003392,2146304,57512001536,57396842496,8192,0,0,0,0,54152077312,53913550848,6789,0
1787750765804123656,111659663360,9486336,57512001536,57396842496,8192,0,0,0,0,54144737280,53919580160,6835,0
1787750765936668411,111668576256,573440,57512001536,57396842496,8192,0,0,0,0,54153912320,53915779072,6882,0
1787750766068562212,111666741248,2408448,57512001536,57396842496,8192,0,0,0,0,54151815168,53916303360,6930,0
1787750766197333003,111668051968,1097728,57512001536,57396842496,8192,0,0,0,0,54153388032,53917614080,6974,0
1787750766327295691,111668051968,1097728,57512001536,57396842496,8192,0,0,0,0,54153388032,53905948672,7020,0
1787750766454976599,111669100544,49152,57512001536,57396842496,8192,0,0,0,0,54154436608,53904769024,7065,0
1787750766582564065,111667789824,1359872,57512001536,57396842496,8192,0,0,0,0,54153125888,53903589376,7110,0
1787750766708623767,111669100544,49152,57512001536,57396842496,8192,0,0,0,0,54154436608,53912371200,7155,0
1787750766840674000,111667265536,1884160,57512001536,57396842496,8192,0,0,0,0,54152339456,53901099008,7203,0
1787750766970313771,111668838400,311296,57512001536,57396842496,8192,0,0,0,0,54153912320,53907390464,7248,0
1787750767100205017,111660183552,8966144,57512001536,57396842496,8192,0,0,0,0,54145519616,53910929408,7293,0
1787750767228513397,111656775680,12374016,57512001536,57396842496,8192,0,0,0,0,54141063168,53904900096,7338,0
1787750767355217393,111668310016,839680,57512001536,57396842496,8192,0,0,0,0,54153646080,53904506880,7383,0
1787750767483154655,111656251392,12898304,57512001536,57396842496,8192,0,0,0,0,54141587456,53908439040,7428,0
1787750767612072740,111663591424,5558272,57512001536,57396842496,8192,0,0,0,0,54148927488,53908307968,7475,0
1787750767739274076,111664640000,4509696,57512001536,57396842496,8192,0,0,0,0,54149976064,53908307968,7521,0
1787750767868474336,111669096448,53248,57512001536,57396842496,8192,0,0,0,0,54154432512,53906866176,7566,0
1787750767994535078,111669096448,53248,57512001536,57396842496,8192,0,0,0,0,54154170368,53907652608,7611,0
1787750768127825337,111666888704,2260992,57512001536,57396842496,8192,0,0,0,0,54151962624,53906735104,7651,0
1787750768257520018,111666216960,2932736,57511985152,57396842496,8192,0,0,0,0,54151307264,53906735104,7651,0
1787750768385691335,111668260864,888832,57511985152,57396842496,8192,0,0,0,0,54153351168,53906722816,7651,0
1787750768514373673,111666368512,2781184,57511985152,57396842496,8192,0,0,0,0,54151458816,53896519680,7662,0
1787750768647180872,111659794432,9355264,57511985152,57396842496,8192,0,0,0,0,54145146880,53905563648,7711,0
1787750768774771896,111668576256,573440,57511985152,57396842496,8192,0,0,0,0,54153928704,53896912896,7761,0
1787750768902437682,111668576256,573440,57511985152,57396842496,8192,0,0,0,0,54153666560,53903335424,7809,0
1787750769033414111,111660695552,8454144,57511985152,57396842496,8192,0,0,0,0,54146048000,53906087936,7856,0
1787750769165506734,111668297728,851968,57511985152,57396842496,8192,0,0,0,0,54153388032,53907267584,7896,0
1787750769294648431,111657246720,11902976,57511985152,57396842496,8192,0,0,0,0,54142599168,53900976128,7932,0
1787750769427857808,111667732480,1417216,57511985152,57396842496,8192,0,0,0,0,54153084928,53896257536,7980,0
1787750769563396287,111667896320,1253376,57511985152,57396842496,8192,0,0,0,0,54152986624,53905825792,7990,0
1787750769694377725,111667896320,1253376,57511985152,57396842496,8192,0,0,0,0,54152986624,53896519680,7990,0
1787750769826486518,111668551680,598016,57511985152,57396842496,8192,0,0,0,0,54153641984,53894029312,8013,0
1787750769962066667,111669354496,-204800,57511985152,57396842496,8192,0,0,0,0,54153920512,53898092544,8034,0
1787750770095742474,111660949504,8200192,57511985152,57396842496,8192,0,0,0,0,54146039808,53899075584,8055,0
1787750770224550673,111655723008,13426688,57511985152,57396842496,8192,0,0,0,0,54140813312,53899051008,8076,0
1787750770354617471,111656488960,12660736,57511985152,57396842496,8192,0,0,0,0,54141579264,53899927552,8097,0
1787750770486744573,111660687360,8462336,57511985152,57396842496,8192,0,0,0,0,54145777664,53901271040,8118,0
1787750770616781160,111658012672,11137024,57511985152,57396842496,8192,0,0,0,0,54143102976,53900738560,8139,0
1787750770748844421,111658147840,11001856,57511985152,57396842496,8192,0,0,0,0,54143238144,53900537856,8160,0
1787750770882714932,111663423488,5726208,57511985152,57396842496,8192,0,0,0,0,54148775936,53900537856,8181,0
1787750771012769429,111660679168,8470528,57511985152,57396842496,8192,0,0,0,0,54145769472,53904711680,8202,0
1787750771149885711,111668715520,434176,57511985152,57396842496,8192,0,0,0,0,54153805824,53905485824,8226,0
1787750771280589701,111666917376,2232320,57511985152,57396842496,8192,0,0,0,0,54152007680,53905305600,8247,0
1787750771409143095,111666655232,2494464,57511985152,57396842496,8192,0,0,0,0,54152007680,53895081984,8267,0
1787750771544028467,111659003904,10145792,57511985152,57396842496,8192,0,0,0,0,54144077824,53902684160,8289,0
1787750771676309592,111661182976,7966720,57511985152,57396842496,8192,0,0,0,0,54146273280,53902028800,8310,0
1787750771803521566,111662755840,6393856,57511985152,57396842496,8192,0,0,0,0,54147846144,53905113088,8332,0
1787750771932704934,111666966528,2183168,57511985152,57396842496,8192,0,0,0,0,54152318976,53905960960,8353,0
1787750772060199084,111663751168,5398528,57511985152,57396842496,8192,0,0,0,0,54148841472,53904891904,8374,0
1787750772187860197,111663931392,5218304,57511985152,57396842496,8192,0,0,0,0,54149021696,53900419072,8394,0
1787750772315664413,111662391296,6758400,57511985152,57396842496,8192,0,0,0,0,54147465216,53900156928,8415,0
1787750772446088797,111661719552,7430144,57511985152,57396842496,8192,0,0,0,0,54146809856,53901860864,8436,0
1787750772576384568,111663570944,5578752,57511985152,57396842496,8192,0,0,0,0,54148923392,53900681216,8457,0
1787750772702354274,111656607744,12541952,57511985152,57396842496,8192,0,0,0,0,54141698048,53896224768,8478,0
1787750772829442264,111669387264,-237568,57511985152,57396842496,8192,0,0,0,0,54154477568,53905915904,8499,0
1787750772956320360,111666552832,2596864,57511985152,57396842496,8192,0,0,0,0,54151643136,53905006592,8519,0
1787750773086657922,111662792704,6356992,57511985152,57396842496,8192,0,0,0,0,54147883008,53899821056,8539,0
1787750773216456131,111663972352,5177344,57511985152,57396842496,8192,0,0,0,0,54148800512,53897330688,8559,0
1787750773345223598,111669387264,-237568,57511985152,57396842496,8192,0,0,0,0,54154477568,53905924096,8580,0
1787750773473753630,111667748864,1400832,57511985152,57396842496,8192,0,0,0,0,54152822784,53906841600,8601,0
1787750773600577764,111665930240,3219456,57511985152,57396842496,8192,0,0,0,0,54151004160,53902123008,8619,0
1787750773726716503,111659302912,9846784,57511985152,57396842496,8192,0,0,0,0,54144393216,53895892992,8640,0
1787750773853365113,111656640512,12509184,57511985152,57396842496,8192,0,0,0,0,54141992960,53894860800,8661,0
1787750773984481741,111657955328,11194368,57511985152,57396842496,8192,0,0,0,0,54143045632,53901926400,8682,0
1787750774116869947,111656189952,12959744,57511985152,57396842496,8192,0,0,0,0,54141280256,53894766592,8703,0
1787750774246310738,111668113408,1036288,57511985152,57396842496,8192,0,0,0,0,54153465856,53896781824,8724,0
1787750774375627896,111669100544,49152,57511985152,57396842496,8192,0,0,0,0,54154436608,53904277504,8744,0
1787750774504475174,111663988736,5160960,57511985152,57396842496,8192,0,0,0,0,54149341184,53904039936,8764,0
1787750774632860992,111659835392,9314304,57511985152,57396842496,8192,0,0,0,0,54144925696,53902114816,8784,0
1787750774762919706,111659364352,9785344,57511985152,57396842496,8192,0,0,0,0,54144716800,53899210752,8805,0
1787750774891692942,111659184128,9965568,57511985152,57396842496,8192,0,0,0,0,54144274432,53897744384,8826,0
1787750775019100429,111666847744,2301952,57511985152,57396842496,8192,0,0,0,0,54151938048,53906272256,8847,0
1787750775147524756,111667236864,1912832,57511985152,57396842496,8192,0,0,0,0,54152310784,53904236544,8865,0
1787750775276361823,111659880448,9269248,57511985152,57396842496,8192,0,0,0,0,54145167360,53899284480,8886,0
1787750775403552164,111662186496,6963200,57511985152,57396842496,8192,0,0,0,0,54147014656,53893189632,8907,0
1787750775533122817,111665561600,3588096,57511985152,57396842496,8192,0,0,0,0,54150262784,53895155712,8928,0
1787750775664479329,111660744704,8404992,57511985152,57396842496,8192,0,0,0,0,54142951424,53893300224,8949,0
1787750775790678748,111668576256,573440,57511985152,57396842496,8192,0,0,0,0,54153666560,53903810560,8970,0
1787750775921916418,111669297152,-147456,57511985152,57396842496,8192,0,0,0,0,54154387456,53894107136,8991,0
1787750776052944863,111668232192,917504,57511985152,57396842496,8192,0,0,0,0,54153322496,53895680000,9012,0
1787750776181864731,111667855360,1294336,57511985152,57396842496,8192,0,0,0,0,54153207808,53900783616,9033,0
1787750776310778199,111666966528,2183168,57511985152,57396842496,8192,0,0,0,0,54152040448,53904187392,9053,0
1787750776439513493,111662727168,6422528,57511985152,57396842496,8192,0,0,0,0,54147817472,53900226560,9072,0
1787750776570260371,111663304704,5844992,57511985152,57396842496,8192,0,0,0,0,54148395008,53905342464,9094,0
1787750776702020502,111667163136,1986560,57511985152,57396842496,8192,0,0,0,0,54152515584,53906030592,9115,0
1787750776829606610,111669358592,-208896,57511985152,57396842496,8192,0,0,0,0,54153924608,53905899520,9137,0
1787750776956585766,111664558080,4591616,57511985152,57396842496,8192,0,0,0,0,54149648384,53905113088,9157,0
1787750777087230171,111665721344,3428352,57511985152,57396842496,8192,0,0,0,0,54150811648,53905899520,9178,0
1787750777218413309,111664459776,4689920,57511985152,57396842496,8192,0,0,0,0,54149550080,53900525568,9199,0
1787750777344755519,111660904448,8245248,57511985152,57396842496,8192,0,0,0,0,54145994752,53897068544,9219,0
1787750777471212163,111656136704,13012992,57511985152,57396842496,8192,0,0,0,0,54141227008,53898559488,9240,0
1787750777600731353,111656300544,12849152,57511985152,57396842496,8192,0,0,0,0,54141390848,53894103040,9261,0
1787750777728594498,111668637696,512000,57511985152,57396842496,8192,0,0,0,0,54153728000,53904183296,9282,0
1787750777860228415,111667589120,1560576,57511985152,57396842496,8192,0,0,0,0,54152679424,53904982016,9303,0
1787750777987898425,111666196480,2953216,57511985152,57396842496,8192,0,0,0,0,54151270400,53902884864,9321,0
1787750778114136753,111656038400,13111296,57511985152,57396842496,8192,0,0,0,0,54141128704,53906423808,9342,0
1787750778241454634,111661539328,7610368,57511985152,57396842496,8192,0,0,0,0,54146629632,53900132352,9360,0
1787750778369235196,111667466240,1683456,57511985152,57396842496,8192,0,0,0,0,54151770112,53903876096,9381,0
1787750778497735534,111665479680,3670016,57511985152,57396842496,8192,0,0,0,0,54150569984,53903224832,9399,0
1787750778625151947,111663423488,5726208,57511985152,57396842496,8192,0,0,0,0,54148775936,53900816384,9420,0
1787750778751498028,111656050688,13099008,57511985152,57396842496,8192,0,0,0,0,54141140992,53906452480,9441,0
1787750778877347867,111666749440,2400256,57511985152,57396842496,8192,0,0,0,0,54151839744,53904224256,9453,0
1787750779003752169,111668830208,319488,57511985152,57396842496,8192,0,0,0,0,54153920512,53903568896,9459,0
1787750779134994556,111667257344,1892352,57511985152,57396842496,8192,0,0,0,0,54152609792,53904478208,9471,0
1787750779265517737,111667748864,1400832,57511985152,57396842496,8192,0,0,0,0,54152822784,53902258176,9488,0
1787750779392562282,111666077696,3072000,57511985152,57396842496,8192,0,0,0,0,54151430144,53903306752,9504,0
1787750779522643644,111667011584,2138112,57511985152,57396842496,8192,0,0,0,0,54152101888,53905248256,9525,0
1787750779652531231,111657164800,11984896,57511985152,57396842496,8192,0,0,0,0,54142255104,53894787072,9537,0
1787750779778856140,111667322880,1826816,57511985152,57396842496,8192,0,0,0,0,54152413184,53900947456,9542,0
1787750779906402226,111659360256,9789440,57511985152,57396842496,8192,0,0,0,0,54144450560,53897146368,9549,0
1787750780032059720,111658835968,10313728,57511985152,57396842496,8192,0,0,0,0,54144188416,53893083136,9564,0
1787750780159652237,111655837696,13312000,57511985152,57396842496,8192,0,0,0,0,54140928000,53906321408,9582,0
1787750780288534591,111666913280,2236416,57511985152,57396842496,8192,0,0,0,0,54152003584,53897932800,9599,0
1787750780414009871,111666974720,2174976,57511985152,57396842496,8192,0,0,0,0,54152065024,53905137664,9616,0
1787750780546139737,111658749952,10399744,57511985152,57396842496,8192,0,0,0,0,54143840256,53897797632,9636,0
1787750780674813167,111665483776,3665920,57511985152,57396842496,8192,0,0,0,0,54150574080,53903429632,9655,0
1787750780801882542,111667924992,1224704,57511985152,57396842496,8192,0,0,0,0,54153015296,53905924096,9675,0
1787750780933150969,111664484352,4665344,57511985152,57396842496,8192,0,0,0,0,54149558272,53904171008,9693,0
1787750781061956072,111669301248,-151552,57511985152,57396842496,8192,0,0,0,0,54152818688,53906399232,9714,0
1787750781190395196,111665680384,3469312,57511985152,57396842496,8192,0,0,0,0,54150770688,53904302080,9733,0
1787750781318101324,111657439232,11710464,57511985152,57396842496,8192,0,0,0,0,54142529536,53895847936,9753,0
1787750781450090676,111667646464,1503232,57511985152,57396842496,8192,0,0,0,0,54152736768,53893750784,9774,0
1787750781580822220,111668203520,946176,57511985152,57396842496,8192,0,0,0,0,54153293824,53904236544,9794,0
1787750781711238138,111667384320,1765376,57511985152,57396842496,8192,0,0,0,0,54152474624,53906202624,9813,0
1787750781841533073,111660060672,9089024,57511985152,57396842496,8192,0,0,0,0,54145150976,53895061504,9831,0
1787750781971270675,111669088256,61440,57511985152,57396842496,8192,0,0,0,0,54154178560,53905940480,9852,0
1787750782100697451,111667544064,1605632,57511985152,57396842496,8192,0,0,0,0,54152896512,53906067456,9870,0
1787750782228110242,111655989248,13160448,57511985152,57396842496,8192,0,0,0,0,54141079552,53895761920,9888,0
1787750782358945818,111666454528,2695168,57511985152,57396842496,8192,0,0,0,0,54151544832,53904060416,9907,0
1787750782488442085,111668523008,626688,57511985152,57396842496,8192,0,0,0,0,54153613312,53906337792,9927,0
1787750782619343732,111660257280,8892416,57511985152,57396842496,8192,0,0,0,0,54145347584,53900337152,9945,0
1787750782750124677,111668817920,331776,57511985152,57396842496,8192,0,0,0,0,54153891840,53905272832,9965,0
1787750782877310433,111659102208,10047488,57511985152,57396842496,8192,0,0,0,0,54144192512,53900615680,9984,0
1787750783009575381,111666155520,2994176,57511985152,57396842496,8192,0,0,0,0,54151507968,53902835712,10003,0
1787750783138052754,111668355072,794624,57511985152,57396842496,8192,0,0,0,0,54153445376,53904769024,10021,0
1787750783265123637,111667408896,1740800,57511985152,57396842496,8192,0,0,0,0,54152761344,53901918208,10040,0
1787750783390679687,111668776960,372736,57511985152,57396842496,8192,0,0,0,0,54153867264,53904318464,10058,0
1787750783519128570,111656423424,12726272,57511985152,57396842496,8192,0,0,0,0,54141775872,53895274496,10077,0
1787750783649238330,111664713728,4435968,57511985152,57396842496,8192,0,0,0,0,54149804032,53905235968,10096,0
1787750783779797739,111656538112,12611584,57511985152,57396842496,8192,0,0,0,0,54141628416,53904842752,10113,0
1787750783907097437,111658160128,10989568,57511985152,57396842496,8192,0,0,0,0,54143250432,53894582272,10125,0
1787750784033190628,111657910272,11239424,57511985152,57396842496,8192,0,0,0,0,54143000576,53896286208,10143,0
1787750784161074668,111655436288,13713408,57511985152,57396842496,8192,0,0,0,0,54140526592,53903888384,10161,0
1787750784287896765,111666282496,2867200,57511985152,57396842496,8192,0,0,0,0,54151372800,53901004800,10179,0
1787750784413980366,111668166656,983040,57511985152,57396842496,8192,0,0,0,0,54153519104,53904674816,10196,0
1787750784547756695,111668838400,311296,57511985152,57396842496,8192,0,0,0,0,54153928704,53896548352,10215,0
1787750784682205699,111661248512,7901184,57511985152,57396842496,8192,0,0,0,0,54146338816,53895237632,10233,0
1787750784811582212,111668981760,167936,57511985152,57396842496,8192,0,0,0,0,54154072064,53817524224,10251,0
1787750784938959651,111663759360,5390336,57511985152,57396842496,8192,0,0,0,0,54148849664,53901283328,10255,0
1787750785068045137,111590219776,78929920,57511985152,57396842496,8192,0,0,0,0,54075572224,53850173440,10271,0
1787750785195764032,111660498944,8650752,57511985152,57396842496,8192,0,0,0,0,54145589248,53896712192,10278,0
1787750785323030778,111665598464,3551232,57511985152,57396842496,8192,0,0,0,0,54150688768,53901996032,10296,0
1787750785452423731,111665496064,3653632,57511985152,57396842496,8192,0,0,0,0,54150586368,53901619200,10302,0
1787750785581822083,111668604928,544768,57511985152,57396842496,8192,0,0,0,0,54153564160,53905981440,10322,0
1787750785711746468,111627968512,41181184,57511985152,57396842496,8192,0,0,0,0,54113058816,53883727872,10332,0
1787750785838028612,111669104640,45056,57511985152,57396842496,8192,0,0,0,0,54154194944,53905788928,10347,0
1787750785963672532,111627132928,42016768,57511985152,57396842496,8192,0,0,0,0,54112223232,53887070208,10356,0
1787750786089948916,111655350272,13799424,57511985152,57396842496,8192,0,0,0,0,54140424192,53906063360,10371,0
1787750786216897024,111620419584,48730112,57511985152,57396842496,8192,0,0,0,0,54105509888,53879291904,10381,0
1787750786345467898,111667306496,1843200,57511985152,57396842496,8192,0,0,0,0,54152331264,53904605184,10395,0
1787750786473018580,111580221440,88928256,57511985152,57396842496,8192,0,0,0,0,54065311744,53837717504,10412,0
1787750786599644691,111657472000,11677696,57511985152,57396842496,8192,0,0,0,0,54142824448,53893816320,10419,0
1787750786726139279,111666917376,2232320,57511985152,57396842496,8192,0,0,0,0,54152007680,53903716352,10438,0
1787750786851870441,111596843008,72306688,57511985152,57396842496,8192,0,0,0,0,54081933312,53852536832,10454,0
1787750786977968681,111667138560,2011136,57511985152,57396842496,8192,0,0,0,0,54152491008,53903908864,10463,0
1787750787103435166,111658213376,10936320,57511985152,57396842496,8192,0,0,0,0,54143303680,53897994240,10482,0
1787750787233591074,111668297728,851968,57511985152,57396842496,8192,0,0,0,0,54153388032,53906411520,10502,0
1787750787364526739,111627501568,41648128,57511985152,57396842496,8192,0,0,0,0,54112575488,53882224640,10513,0
1787750787494136145,111663611904,5537792,57511985152,57396842496,8192,0,0,0,0,54148702208,53901299712,10515,0
1787750787620990190,111663611904,5537792,57511985152,57396842496,8192,0,0,0,0,54148702208,53901299712,10515,0
1787750787747134520,111663611904,5537792,57511985152,57396842496,8192,0,0,0,0,54148702208,53901299712,10515,0
1787750787878044765,111663611904,5537792,57511985152,57396842496,8192,0,0,0,0,54148702208,53901299712,10515,0
1787750788011931004,111657738240,11411456,57511985152,57396842496,8192,0,0,0,0,54142828544,53901299712,10515,0
1787750788142754836,110572634112,1096515584,57511985152,57396842496,8192,0,0,0,0,53057724416,52636786688,10515,0
1787750788270203944,109143515136,2525634560,57511985152,57396842496,8192,0,0,0,0,51628208128,50998706176,10515,0
1787750788406600428,107330355200,4338794496,57511985152,57396842496,8192,0,0,0,0,49815445504,49576300544,10515,0
1787750788537343938,105484943360,6184206336,57511985152,57396842496,8192,0,0,0,0,47967412224,47412260864,10515,0
1787750788665525792,103007494144,8661655552,57511985152,57396842496,8192,0,0,0,0,45492584448,45253439488,10515,0
1787750788795714529,101581156352,10087993344,57511985152,57396842496,8192,0,0,0,0,44064411648,43105992704,10515,0
1787750788928358411,98700718080,12968431616,57511985152,57396842496,8192,0,0,0,0,41185808384,40946675712,10515,0
1787750789058483977,96543064064,15126085632,57511985152,57396842496,8192,0,0,0,0,39028154368,38722883584,10515,0
1787750789188959031,94652997632,17016152064,57511985152,57396842496,8192,0,0,0,0,37135466496,36632223744,10515,0
1787750789323126885,92232163328,19436986368,57511985152,57396842496,8192,0,0,0,0,34717253632,34165121024,10515,0
1787750789457506684,90037690368,21631459328,57511985152,57396842496,8192,0,0,0,0,32520421376,31485845504,10515,0
1787750789589711045,87215448064,24453701632,57511985152,57396842496,8192,0,0,0,0,29700276224,29086539776,10515,0
1787750789721777464,85912010752,25757138944,57527296000,57412530176,8192,0,0,0,0,28382052352,28142919680,10515,0
1787750789863436892,85990309888,25678839808,57605332992,57490739200,8192,0,0,0,0,28382052352,28142919680,10515,0
1787750790001626944,86064271360,25604878336,57679028224,57563205632,8192,0,0,0,0,28382052352,28142919680,10515,0
1787750790139674512,86155493376,25513656320,57770508288,57653907456,8192,0,0,0,0,28382052352,28142919680,10515,0
1787750790279443138,86224162816,25444986880,57839706112,57722552320,8192,0,0,0,0,28382052352,28142919680,10515,0
1787750790423035108,86288838656,25380311040,57903861760,57787596800,8192,0,0,0,0,28382052352,28142919680,10515,0
1787750790557674592,86357409792,25311739904,57971625984,57847599104,8192,0,0,0,0,28382052352,28142919680,10515,0
1787750790694611386,86417354752,25251794944,58030776320,57909706752,8192,0,0,0,0,28382052352,28142919680,10515,0
1787750790835842384,86493319168,25175830528,58107502592,57983430656,8192,0,0,0,0,28382052352,28142919680,10515,0
1787750790964412165,86561538048,25107611648,58177085440,58057117696,8192,0,0,0,0,28382052352,28142919680,10515,0
1787750791101254027,86648184832,25020964864,58262908928,58139226112,8192,0,0,0,0,28382052352,28142919680,10515,0
1787750791235095222,86722322432,24946827264,58337595392,58216071168,8192,0,0,0,0,28382052352,28142919680,10515,0
1787750791369451149,86790184960,24878964736,58405445632,58279260160,8192,0,0,0,0,28382052352,28142919680,10515,0
1787750791506256020,86843183104,24825966592,58458206208,58340286464,8192,0,0,0,0,28382052352,28142919680,10515,0
1787750791641074647,86924300288,24744849408,58538778624,58413309952,8192,0,0,0,0,28382052352,28142919680,10515,0
1787750791779398751,86984187904,24684961792,58598367232,58475028480,8192,0,0,0,0,28382052352,28142919680,10515,0
1787750791920984926,87039991808,24629157888,58655014912,58537226240,8192,0,0,0,0,28382052352,28142919680,10515,0
1787750792065427503,87115264000,24553885696,58730004480,58605477888,8192,0,0,0,0,28382052352,28142919680,10515,0
1787750792200938625,87191662592,24477487104,58805866496,58681360384,8192,0,0,0,0,28382052352,28142919680,10515,0
1787750792332040290,87259746304,24409403392,58875002880,58747310080,8192,0,0,0,0,28382052352,28142919680,10515,0
1787750792469279659,87310958592,24358191104,58925981696,58809200640,8192,0,0,0,0,28382052352,28142919680,10515,0
1787750792607947290,87402008576,24267141120,59017256960,58889670656,8192,0,0,0,0,28382052352,28142919680,10515,0
1787750792744042084,87453364224,24215785472,59068387328,58948784128,8192,0,0,0,0,28382052352,28142919680,10515,0
1787750792890450004,87525425152,24143724544,59140694016,59012964352,8192,0,0,0,0,28382052352,28142919680,10515,0
1787750793022293725,87582130176,24087019520,59197153280,59076964352,8192,0,0,0,0,28382052352,28142919680,10515,0
1787750793160412653,87661535232,24007614464,59276812288,59150811136,8192,0,0,0,0,28382052352,28142919680,10515,0
1787750793293041011,87721668608,23947481088,59337203712,59209801728,8192,0,0,0,0,28382052352,28142919680,10515,0
1787750793431463505,87782260736,23886888960,59397005312,59269754880,8192,0,0,0,0,28382052352,28142919680,10515,0
1787750793565715069,87834718208,23834431488,59449741312,59321384960,8192,0,0,0,0,28382052352,28142919680,10515,0
1787750793698179713,87896227840,23772921856,59510714368,59384156160,8192,0,0,0,0,28382052352,28142919680,10515,0
1787750793833797546,87950729216,23718420480,59565752320,59444154368,8192,0,0,0,0,28382052352,28142919680,10515,0
1787750793969242696,88016101376,23653048320,59630579712,59503030272,8192,0,0,0,0,28382052352,28142919680,10515,0
1787750794112993796,88080330752,23588818944,59695067136,59564560384,8192,0,0,0,0,28382052352,28142919680,10515,0
1787750794256072512,88135151616,23533998080,59750174720,59627065344,8192,0,0,0,0,28382052352,28142919680,10515,0
1787750794390142300,88193478656,23475671040,59808501760,59684569088,8192,0,0,0,0,28382052352,28142919680,10515,0
1787750794523623476,88256110592,23413039104,59871121408,59741413376,8192,0,0,0,0,28382052352,28142919680,10515,0
1787750794656418177,88312799232,23356350464,59927011328,59798315008,8192,0,0,0,0,28382052352,28142919680,10515,0
1787750794794490073,88368795648,23300354048,59984596992,59859136512,8192,0,0,0,0,28382052352,28142919680,10515,0
1787750794930143517,88431443968,23237705728,60047491072,59917209600,8192,0,0,0,0,28382052352,28142919680,10515,0
1787750795061700080,88482279424,23186870272,60097302528,59974098944,8192,0,0,0,0,28382052352,28142919680,10515,0
1787750795201209077,88542167040,23126982656,60157190144,60036247552,8192,0,0,0,0,28382052352,28142919680,10515,0
1787750795340682163,88607817728,23061331968,60223344640,60094058496,8192,0,0,0,0,28382052352,28142919680,10515,0
1787750795474587117,88661413888,23007735808,60276436992,60151861248,8192,0,0,0,0,28382052352,28142919680,10515,0
1787750795607103782,88724656128,22944493568,60339937280,60209856512,8192,0,0,0,0,28382052352,28142919680,10515,0
1787750795747483077,88780853248,22888296448,60395876352,60273016832,8192,0,0,0,0,28382052352,28142919680,10515,0
1787750795883159321,88839839744,22829309952,60454862848,60330913792,8192,0,0,0,0,28382052352,28142919680,10515,0
1787750796016900271,88899416064,22769733632,60513374208,60389724160,8192,0,0,0,0,28382052352,28142919680,10515,0
1787750796151729245,88973017088,22696132608,60588040192,60465799168,8192,0,0,0,0,28382052352,28142919680,10515,0
1787750796293130263,89043951616,22625198080,60658434048,60526710784,8192,0,0,0,0,28382052352,28142919680,10515,0
1787750796429945620,89100713984,22568435712,60716519424,60588154880,8192,0,0,0,0,28382052352,28142919680,10515,0
1787750796564979249,89174540288,22494609408,60790071296,60660400128,8192,0,0,0,0,28382052352,28142919680,10515,0
1787750796698626287,89235038208,22434111488,60850044928,60718301184,8192,0,0,0,0,28382052352,28142919680,10515,0
1787750796832046470,89292992512,22376157184,60908265472,60776652800,8192,0,0,0,0,28382052352,28142919680,10515,0
1787750796963818427,89343336448,22325813248,60958359552,60833837056,8192,0,0,0,0,28382052352,28142919680,10515,0
1787750797095873960,89407787008,22261362688,61023051776,60890939392,8192,0,0,0,0,28382052352,28142919680,10515,0
1787750797231215725,89467060224,22202089472,61081804800,60949889024,8192,0,0,0,0,28382052352,28142919680,10515,0
1787750797365481625,89526300672,22142849024,61141295104,61010944000,8192,0,0,0,0,28382052352,28142919680,10515,0
1787750797507603348,89587322880,22081826816,61201813504,61071491072,8192,0,0,0,0,28382052352,28142919680,10515,0
1787750797641769167,89648168960,22020980736,61262647296,61129895936,8192,0,0,0,0,28382052352,28142919680,10515,0
1787750797772788957,89697824768,21971324928,61312847872,61187792896,8192,0,0,0,0,28382052352,28142919680,10515,0
1787750797904114984,89759633408,21909516288,61374656512,61244637184,8192,0,0,0,0,28382052352,28142919680,10515,0
1787750798042196858,89823551488,21845598208,61439057920,61308407808,8192,0,0,0,0,28382052352,28142919680,10515,0
1787750798176667103,89888677888,21780471808,61503700992,61378326528,8192,0,0,0,0,28382052352,28142919680,10515,0
1787750798318848586,89956143104,21713006592,61571653632,61440503808,8192,0,0,0,0,28382052352,28142919680,10515,0
1787750798453481464,90014629888,21654519808,61630947328,61497278464,8192,0,0,0,0,28382052352,28142919680,10515,0
1787750798589093804,90073935872,21595213824,61689180160,61558333440,8192,0,0,0,0,28382052352,28142919680,10515,0
1787750798730948430,90130657280,21538492416,61745680384,61618335744,8192,0,0,0,0,28382052352,28142919680,10515,0
1787750798869337930,90212818944,21456330752,61828075520,61694128128,8192,0,0,0,0,28382052352,28142919680,10515,0
1787750799007537566,90264903680,21404246016,61879926784,61754138624,8192,0,0,0,0,28382052352,28142919680,10515,0
1787750799144389082,90342424576,21326725120,61957447680,61832204288,8192,0,0,0,0,28382052352,28142919680,10515,0
1787750799284682193,90410008576,21259141120,62025293824,61900464128,8192,0,0,0,0,28382052352,28142919680,10515,0
1787750799430740380,90481946624,21187203072,62096953344,61964677120,8192,0,0,0,0,28382052352,28142919680,10515,0
1787750799564266314,90544123904,21125025792,62159396864,62025736192,8192,0,0,0,0,28382052352,28142919680,10515,0
1787750799702518651,90604240896,21064908800,62219509760,62085951488,8192,0,0,0,0,28382052352,28142919680,10515,0
1787750799836056434,90658676736,21010472960,62273699840,62147842048,8192,0,0,0,0,28382052352,28142919680,10515,0
1787750799975112818,90740654080,20928495616,62355902464,62222069760,8192,0,0,0,0,28382052352,28142919680,10515,0
1787750800114341706,90801393664,20867756032,62416637952,62283636736,8192,0,0,0,0,28382052352,28142919680,10515,0
1787750800246064769,90871365632,20797784064,62486388736,62359433216,8192,0,0,0,0,28382052352,28142919680,10515,0
1787750800378676682,90947616768,20721532928,62562639872,62435278848,8192,0,0,0,0,28382052352,28142919680,10515,0
1787750800512519272,91031232512,20637917184,62646616064,62514176000,8192,0,0,0,0,28381929472,28142919680,10515,0
1787750800647370844,91104280576,20564869120,62719426560,62591627264,8192,0,0,0,0,28381929472,28142919680,10515,0
1787750800780248893,91182931968,20486217728,62798336000,62668996608,8192,0,0,0,0,28381929472,28142919680,10515,0
1787750800915270988,91259785216,20409364480,62874931200,62748028928,8192,0,0,0,0,28381929472,28142919680,10515,0
1787750801047559214,91345387520,20323762176,62959181824,62826819584,8192,0,0,0,0,28381929472,28142919680,10515,0
1787750801183102880,91423551488,20245598208,63036833792,62906511360,8192,0,0,0,0,28381929472,28142919680,10515,0
1787750801314340672,91494662144,20174487552,63109808128,62982881280,8192,0,0,0,0,28381929472,28142919680,10515,0
1787750801449303636,91576717312,20092432384,63189200896,63061790720,8192,0,0,0,0,28381929472,28142919680,10515,0
1787750801579288761,91656548352,20012601344,63270862848,63137001472,8192,0,0,0,0,28381929472,28142919680,10515,0
1787750801709104102,91726655488,19942494208,63341268992,63212101632,8192,0,0,0,0,28381929472,28142919680,10515,0
1787750801842098482,91804995584,19864154112,63420661760,63290478592,8192,0,0,0,0,28381929472,28142919680,10515,0
1787750801975027622,91886178304,19782971392,63501815808,63367200768,8192,0,0,0,0,28381929472,28142919680,10515,0
1787750802108831649,91966259200,19702890496,63580844032,63447519232,8192,0,0,0,0,28381929472,28142919680,10515,0
1787750802239560740,92043223040,19625926656,63658864640,63522496512,8192,0,0,0,0,28381929472,28142919680,10515,0
1787750802368395559,92111245312,19557904384,63726391296,63598432256,8192,0,0,0,0,28381929472,28142919680,10515,0
1787750802499180041,92190048256,19479101440,63805718528,63672451072,8192,0,0,0,0,28381929472,28142919680,10515,0
1787750802632043978,92271218688,19397931008,63886323712,63750017024,8192,0,0,0,0,28381929472,28142919680,10515,0
1787750802765887816,92340035584,19329114112,63955181568,63824756736,8192,0,0,0,0,28381929472,28142919680,10515,0
1787750802896928494,92414550016,19254599680,64029696000,63901601792,8192,0,0,0,0,28381929472,28142919680,10515,0
1787750803029507624,92495507456,19173642240,64109051904,63977623552,8192,0,0,0,0,28381929472,28142919680,10515,0
1787750803163215859,92571078656,19098071040,64186224640,64055521280,8192,0,0,0,0,28381929472,28142919680,10515,0
1787750803296283560,92648603648,19020546048,64263749632,64134205440,8192,0,0,0,0,28381929472,28142919680,10515,0
1787750803433038731,92728545280,18940604416,64343691264,64213196800,8192,0,0,0,0,28381929472,28142919680,10515,0
1787750803561461581,92802883584,18866266112,64418029568,64286883840,8192,0,0,0,0,28381929472,28142919680,10515,0
1787750803690506394,92878999552,18790150144,64494669824,64360673280,8192,0,0,0,0,28381929472,28142919680,10515,0
1787750803823373141,92959965184,18709184512,64575606784,64439132160,8192,0,0,0,0,28381929472,28142919680,10515,0
1787750803962396541,93037064192,18632085504,64652472320,64521633792,8192,0,0,0,0,28381929472,28142919680,10515,0
1787750804094507811,93112999936,18556149760,64728408064,64596451328,8192,0,0,0,0,28381929472,28142919680,10515,0
1787750804227690864,93188575232,18480574464,64803721216,64672104448,8192,0,0,0,0,28381929472,28142919680,10515,0
1787750804356125693,93269331968,18399817728,64884166656,64745852928,8192,0,0,0,0,28381929472,28142919680,10515,0
1787750804484875009,93337817088,18331332608,64953999360,64819539968,8192,0,0,0,0,28381929472,28142919680,10515,0
1787750804614967024,93412450304,18256699392,65027850240,64895307776,8192,0,0,0,0,28381929472,28142919680,10515,0
1787750804753109565,93493723136,18175426560,65108869120,64976343040,8192,0,0,0,0,28381929472,28142919680,10515,0
1787750804884965239,93574443008,18094706688,65190080512,65051430912,8192,0,0,0,0,28381929472,28142919680,10515,0
1787750805016528376,93648650240,18020499456,65262698496,65126457344,8192,0,0,0,0,28381929472,28142919680,10515,0
1787750805147100731,93718196224,17950953472,65333342208,65201664000,8192,0,0,0,0,28381929472,28142919680,10515,0
1787750805277955303,93797138432,17872011264,65413591040,65276882944,8192,0,0,0,0,28381929472,28142919680,10515,0
1787750805413012486,93872660480,17796489216,65487806464,65355030528,8192,0,0,0,0,28381929472,28142919680,10515,0
1787750805544622533,93947613184,17721536512,65562759168,65429151744,8192,0,0,0,0,28381929472,28142919680,10515,0
1787750805675229969,94022389760,17646759936,65637535744,65504833536,8192,0,0,0,0,28381929472,28142919680,10515,0
1787750805807415640,94104408064,17564741632,65719255040,65579442176,8192,0,0,0,0,28381929472,28142919680,10515,0
1787750805940146352,94182850560,17486299136,65797419008,65660088320,8192,0,0,0,0,28381929472,28142919680,10515,0
1787750806078208400,94256963584,17412186112,65872109568,65738526720,8192,0,0,0,0,28381929472,28142919680,10515,0
1787750806209550671,94337228800,17331920896,65953124352,65813266432,8192,0,0,0,0,28381929472,28142919680,10515,0
1787750806338152843,94404272128,17264877568,66019418112,65887522816,8192,0,0,0,0,28381929472,28142919680,10515,0
1787750806473391639,94483484672,17185665024,66098892800,65964851200,8192,0,0,0,0,28381929472,28142919680,10515,0
1787750806604992836,94558818304,17110331392,66173964288,66039119872,8192,0,0,0,0,28381929472,28142919680,10515,0
1787750806738398802,94642053120,17027096576,66257158144,66117558272,8192,0,0,0,0,28381929472,28142919680,10515,0
1787750806870896309,94711377920,16957771776,66326523904,66192297984,8192,0,0,0,0,28381929472,28142919680,10515,0
1787750807006152265,94795808768,16873340928,66410393600,66271248384,8192,0,0,0,0,28381929472,28142919680,10515,0
1787750807139795786,94875017216,16794132480,66490163200,66355462144,8192,0,0,0,0,28381929472,28142919680,10515,0
1787750807272137849,94952865792,16716283904,66568011776,66433003520,8192,0,0,0,0,28381929472,28142919680,10515,0
1787750807406494865,95034720256,16634429440,66650382336,66512310272,8192,0,0,0,0,28381929472,28142919680,10515,0
1787750807541447134,95109586944,16559562752,66724995072,66591502336,8192,0,0,0,0,28381929472,28142919680,10515,0
1787750807675499704,95188074496,16481075200,66803220480,66667094016,8192,0,0,0,0,28381929472,28142919680,10515,0
1787750807809608575,95264354304,16404795392,66879500288,66743361536,8192,0,0,0,0,28381929472,28142919680,10515,0
1787750807940287071,95345291264,16323858432,66960408576,66821373952,8192,0,0,0,0,28381929472,28142919680,10515,0
1787750808077293505,95417155584,16251994112,67032563712,66897391616,8192,0,0,0,0,28381929472,28142919680,10515,0
1787750808212124801,95501791232,16167358464,67116892160,66975539200,8192,0,0,0,0,28381929472,28142919680,10515,0
1787750808345205799,95575277568,16093872128,67190423552,67053719552,8192,0,0,0,0,28381929472,28142919680,10515,0
1787750808476995798,95655424000,16013725696,67267366912,67128823808,8192,0,0,0,0,28381929472,28142919680,10515,0
1787750808609301999,95731310592,15937839104,67346690048,67204083712,8192,0,0,0,0,28381929472,28142919680,10515,0
1787750808740546107,95801081856,15868067840,67416227840,67279716352,8192,0,0,0,0,28381929472,28142919680,10515,0
1787750808873626765,95876804608,15792345088,67491950592,67355725824,8192,0,0,0,0,28381929472,28142919680,10515,0
1787750809008702156,95953133568,15716016128,67568279552,67433406464,8192,0,0,0,0,28381929472,28142919680,10515,0
1787750809146550058,96046710784,15622438912,67661856768,67524878336,8192,0,0,0,0,28381929472,28142919680,10515,0
1787750809278184693,96125145088,15544004608,67740553216,67602378752,8192,0,0,0,0,28381929472,28142919680,10515,0
1787750809415802339,96206438400,15462711296,67821584384,67685826560,8192,0,0,0,0,28381929472,28142919680,10515,0
1787750809552339132,96288305152,15380844544,67903713280,67765940224,8192,0,0,0,0,28381929472,28142919680,10515,0
1787750809684924138,96365420544,15303729152,67980566528,67842899968,8192,0,0,0,0,28381929472,28142919680,10515,0
1787750809815507951,96439947264,15229202432,68055093248,67917828096,8192,0,0,0,0,28381929472,28142919680,10515,0
1787750809947691039,96522096640,15147053056,68137725952,67992379392,8192,0,0,0,0,28381929472,28142919680,10515,0
1787750810082263248,96594915328,15074234368,68210061312,68072235008,8192,0,0,0,0,28381929472,28142919680,10515,0
1787750810211278676,96673325056,14995824640,68288991232,68149747712,8192,0,0,0,0,28381929472,28142919680,10515,0
1787750810342151385,96749158400,14919991296,68364304384,68224253952,8192,0,0,0,0,28381929472,28142919680,10515,0
1787750810477480910,96834322432,14834827264,68449685504,68306341888,8192,0,0,0,0,28381929472,28142919680,10515,0
1787750810610661429,96904331264,14764818432,68519477248,68382924800,8192,0,0,0,0,28381929472,28142919680,10515,0
1787750810746801492,96972087296,14697062400,68587233280,68437663744,8192,0,0,0,0,28381929472,28142919680,10515,0
1787750810879697135,96966471680,14702678016,68581617664,68437663744,8192,0,0,0,0,28381929472,28142919680,10515,0
1787750811011224157,96966471680,14702678016,68581617664,68437663744,8192,0,0,0,0,28381929472,28142919680,10515,0
1787750811146018471,96966471680,14702678016,68581617664,68437663744,8192,0,0,0,0,28381929472,28142919680,10515,0
1787750811276357937,96966471680,14702678016,68581617664,68437663744,8192,0,0,0,0,28381929472,28142919680,10515,0
1787750811406862857,96966471680,14702678016,68581617664,68437663744,8192,0,0,0,0,28381929472,28142919680,10515,0
1787750811538358778,96966471680,14702678016,68581617664,68437663744,8192,0,0,0,0,28381929472,28142919680,10515,0
1787750811667084279,96966471680,14702678016,68581617664,68437663744,8192,0,0,0,0,28381929472,28142919680,10515,0
1787750811798049389,96966471680,14702678016,68581617664,68437663744,8192,0,0,0,0,28381929472,28142919680,10515,0
1787750811927141328,96966471680,14702678016,68581617664,68437663744,8192,0,0,0,0,28381929472,28142919680,10515,0
1787750812057585877,96966471680,14702678016,68581617664,68437663744,8192,0,0,0,0,28381929472,28142919680,10515,0
1787750812188573796,96966471680,14702678016,68581617664,68437663744,8192,0,0,0,0,28381929472,28142919680,10515,0
1787750812323208846,96966471680,14702678016,68581617664,68437663744,8192,0,0,0,0,28381929472,28142919680,10515,0
1787750812452035978,96966471680,14702678016,68581617664,68437663744,8192,0,0,0,0,28381929472,28142919680,10515,0
1787750812586361271,96966471680,14702678016,68581617664,68437663744,8192,0,0,0,0,28381929472,28142919680,10515,0
1787750812718384523,96966471680,14702678016,68581617664,68437663744,8192,0,0,0,0,28381929472,28142919680,10515,0
